adduser	3.153ubuntu1
adwaita-icon-theme	50.0-1
apparmor	5.0.2-0ubuntu1~26.04.1
apport	2.34.1-0ubuntu0.1
apport-core-dump-handler	2.34.1-0ubuntu0.1
appstream	1.1.2-1
apt	3.2.0
assistant-qt6	6.10.2-1
at-spi2-common	2.60.4-0ubuntu0.1
at-spi2-core	2.60.4-0ubuntu0.1
autoconf	2.72-3.1ubuntu2
automake	1:1.18.1-3build1
autopoint	0.23.2-1
autotools-dev	20240727.1build1
baloo6	6.24.0-0ubuntu1
base-files	14ubuntu6.2
base-passwd	3.6.8
bash	5.3-2ubuntu1
bindfs	1.18.4-0.1
binutils	2.46-3ubuntu2
binutils-aarch64-linux-gnu	2.46-3ubuntu2
binutils-common:arm64	2.46-3ubuntu2
bison	2:3.8.2+dfsg-1ubuntu0.26.04.1
breeze	4:6.6.5-0ubuntu0.1
breeze-cursor-theme	4:6.6.5-0ubuntu0.1
breeze-dev	4:6.6.5-0ubuntu0.1
breeze-wallpaper	4:6.6.5-0ubuntu0.1
bsdextrautils	2.41.3-3ubuntu2.2
bsdutils	1:2.41.3-3ubuntu2.2
bubblewrap	0.11.1-1ubuntu0.3
build-essential	12.12ubuntu2.26.04.2
bzip2	1.0.8-6ubuntu0.1
ca-certificates	20260601~26.04.1
cargo	1.93.1ubuntu1
cargo-1.93	1.93.1+dfsg-0ubuntu6
chrony	4.8-2ubuntu1
cloud-guest-utils	0.33-1build1
cloud-init	26.1-0ubuntu3~26.04.1
cloud-init-base	26.1-0ubuntu3~26.04.1
cmake	4.2.3-2ubuntu2
cmake-data	4.2.3-2ubuntu2
console-setup	1.237ubuntu3.1
console-setup-linux	1.237ubuntu3.1
coreutils	9.5-1ubuntu2+0.0.0~ubuntu25
coreutils-from-uutils	0.0.0~ubuntu25
cpp	4:15.2.0-5ubuntu1
cpp-15	15.2.0-16ubuntu1
cpp-15-aarch64-linux-gnu	15.2.0-16ubuntu1
cpp-aarch64-linux-gnu	4:15.2.0-5ubuntu1
curl	8.18.0-1ubuntu2.5
dash	0.5.12-12ubuntu3
dbus	1.16.2-2ubuntu4
dbus-bin	1.16.2-2ubuntu4
dbus-daemon	1.16.2-2ubuntu4
dbus-session-bus-common	1.16.2-2ubuntu4
dbus-system-bus-common	1.16.2-2ubuntu4
dbus-user-session	1.16.2-2ubuntu4
dconf-gsettings-backend:arm64	0.49.0-4
dconf-service	0.49.0-4
debconf	1.5.92
debhelper	13.31ubuntu1
debianutils	5.23.2build1
debugedit	1:5.3-4
designer-qt6	6.10.2-1
desktop-file-utils	0.28-1build1
dh-autoreconf	21+nmu1
dh-python	7.20260309
dh-strip-nondeterminism	1.15.0-1build1
dhcpcd-base	1:10.3.0-7
dictionaries-common	1.31.4
diffstat	1.68-1
diffutils	1:3.12-1ubuntu0.1
dirmngr	2.4.8-4ubuntu3.1
distro-info	1.15
distro-info-data	0.72-0ubuntu0.26.04.1
dmsetup	2:1.02.205-2ubuntu3
docbook-xml	4.5-13build1
docbook-xsl	1.79.2+dfsg-8
dolphin	4:25.12.3-0ubuntu1
dolphin-data	4:25.12.3-0ubuntu1
dpkg	1.23.7ubuntu1
dpkg-dev	1.23.7ubuntu1
dwz	0.16-4
e2fsprogs	1.47.2-3ubuntu4
elisa	25.12.3-0ubuntu1
emacsen-common	3.0.8build1
ethtool	1:6.19-1
extra-cmake-modules	6.24.0-0ubuntu1
fdisk	2.41.3-3ubuntu2.2
file	1:5.46-5build2
findutils	4.10.0-3build2
firefox	156.0.1~build1
firefox-l10n-zh-cn	156.0.1~build1
flex	2.6.4-8.2build2
fontconfig	2.17.1-3ubuntu1
fontconfig-config	2.17.1-3ubuntu1
fonts-noto	20201225-2build1
fonts-noto-cjk	1:20240730+repack1-1build1
fonts-noto-color-emoji	2.051-1build1
fonts-noto-core	20201225-2build1
fonts-noto-mono	20201225-2build1
fonts-urw-base35	20200910-8build1
frameworkintegration6	6.24.0-0ubuntu1
fuse3	3.18.2-1
g++	4:15.2.0-5ubuntu1
g++-15	15.2.0-16ubuntu1
g++-15-aarch64-linux-gnu	15.2.0-16ubuntu1
g++-aarch64-linux-gnu	4:15.2.0-5ubuntu1
gcc	4:15.2.0-5ubuntu1
gcc-15	15.2.0-16ubuntu1
gcc-15-aarch64-linux-gnu	15.2.0-16ubuntu1
gcc-15-base:arm64	15.2.0-16ubuntu1
gcc-16-base:arm64	16-20260322-1ubuntu1
gcc-aarch64-linux-gnu	4:15.2.0-5ubuntu1
gdal-data	3.12.2+dfsg-1build2
gdal-plugins:arm64	3.12.2+dfsg-1build2
gdb	17.1-2ubuntu1
geoclue-2.0	2.7.2-2ubuntu3
gettext	0.23.2-1
gettext-base	0.23.2-1
gir1.2-adw-1:arm64	1.9.1-0ubuntu0.1
gir1.2-appstream-1.0:arm64	1.1.2-1
gir1.2-atspi-2.0:arm64	2.60.4-0ubuntu0.1
gir1.2-freedesktop:arm64	1.86.0-6build1
gir1.2-freedesktop-dev:arm64	1.86.0-6build1
gir1.2-gdkpixbuf-2.0:arm64	2.44.5+dfsg-4ubuntu1
gir1.2-girepository-3.0:arm64	2.88.0-1ubuntu0.1
gir1.2-glib-2.0:arm64	2.88.0-1ubuntu0.1
gir1.2-glib-2.0-dev:arm64	2.88.0-1ubuntu0.1
gir1.2-gly-2:arm64	2.1.1+ds-0ubuntu1
gir1.2-glygtk4-2:arm64	2.1.1+ds-0ubuntu1
gir1.2-graphene-1.0:arm64	1.10.8-5build1
gir1.2-gst-plugins-bad-1.0:arm64	1.28.2-1ubuntu1.1
gir1.2-gst-plugins-base-1.0:arm64	1.28.2-1ubuntu0.1
gir1.2-gst-plugins-extra-1.0:arm64	1.28.2-1ubuntu1.1
gir1.2-gstreamer-1.0:arm64	1.28.2-1
gir1.2-gtk-4.0:arm64	4.22.4+ds-0ubuntu0.1
gir1.2-gudev-1.0:arm64	1:238-7build1
gir1.2-harfbuzz-0.0:arm64	12.3.2-2
gir1.2-json-1.0:arm64	1.10.8+ds-2
gir1.2-pango-1.0:arm64	1.57.0-1
girepository-tools:arm64	2.88.0-1ubuntu0.1
git	1:2.53.0-1ubuntu1
git-man	1:2.53.0-1ubuntu1
glib-networking:arm64	2.80.1-1build2
glib-networking-common	2.80.1-1build2
glib-networking-services	2.80.1-1build2
glslang-tools	16.2.0-2
glycin-loaders	2.1.1+ds-0ubuntu1
glycin-thumbnailers	2.1.1+ds-0ubuntu1
gnome-snapshot	50.0-0ubuntu1
gnu-coreutils	9.7-3ubuntu2.1
gnupg	2.4.8-4ubuntu3.1
gpg	2.4.8-4ubuntu3.1
gpg-agent	2.4.8-4ubuntu3.1
gpgconf	2.4.8-4ubuntu3.1
gpgsm	2.4.8-4ubuntu3.1
gpgv	2.4.8-4ubuntu3.1
grep	3.12-1
groff-base	1.23.0-10
gsettings-desktop-schemas	50.0-1ubuntu2
gstreamer1.0-gl:arm64	1.28.2-1ubuntu0.1
gstreamer1.0-gtk4:arm64	0.14.4-1ubuntu1
gstreamer1.0-libav:arm64	1.28.2-1
gstreamer1.0-libcamera:arm64	0.7.0-1ubuntu2
gstreamer1.0-pipewire:arm64	1.6.2-1ubuntu1.2
gstreamer1.0-plugins-bad:arm64	1.28.2-1ubuntu1.1
gstreamer1.0-plugins-base:arm64	1.28.2-1ubuntu0.1
gstreamer1.0-plugins-extra:arm64	1.28.2-1ubuntu1.1
gstreamer1.0-plugins-good:arm64	1.28.2-2ubuntu0.3
gstreamer1.0-plugins-ugly:arm64	1.28.2-1
gstreamer1.0-tools	1.28.2-1
gtk-update-icon-cache	4.22.4+ds-0ubuntu0.1
gzip	1.14-1~exp2ubuntu1.1
haruna	1.7.1-1ubuntu3
hicolor-icon-theme	0.18-2build1
hostname	3.25build1
hunspell-en-us	1:2020.12.07-4build1
hwdata	0.394-1build1
ibverbs-providers:arm64	61.0-2ubuntu3
icu-devtools	78.2-2ubuntu1
init-system-helpers	1.69
intltool-debian	0.35.0+20060710.6build1
iproute2	6.19.0-1ubuntu1.1
iso-codes	4.20.1-1
kactivitymanagerd	6.6.6-0ubuntu0.1
kbd	2.7.1-2ubuntu2
kde-style-breeze	4:6.6.5-0ubuntu0.1
kde-style-breeze-data	4:6.6.5-0ubuntu0.1
kded6	6.24.0-0ubuntu1
kdoctools6	6.24.0-0ubuntu1
keyboard-configuration	1.237ubuntu3.1
kf6-breeze-icon-theme	6.24.0-0ubuntu1
kglobalacceld	6.6.5-0ubuntu0.1
kio-extras	4:25.12.3-0ubuntu1
kio-extras-data	4:25.12.3-0ubuntu1
kio-fuse	5.1.1-1
kio6	6.24.0-0ubuntu1
kirigami-addons-data	1.11.0-2ubuntu2
kirigami-addons-dev:arm64	1.11.0-2ubuntu2
kmod	34.2-2ubuntu2
knighttime	6.6.5-0ubuntu0.1
knighttime-dev:arm64	6.6.5-0ubuntu0.1
koko	25.12.3-0ubuntu1
koko-data	25.12.3-0ubuntu1
kpackagetool6	6.24.0-0ubuntu1
kscreenlocker-dev:arm64	6.6.5-0ubuntu0.1
kwallet6	6.24.0-0ubuntu1
kwayland-dev	4:6.6.4-0ubuntu1
kwayland6-data	4:6.6.4-0ubuntu1
kwin-common	4:6.6.6-0ubuntu0.1+moto2
kwin-data	4:6.6.6-0ubuntu0.1+moto2
kwin-dev	4:6.6.6-0ubuntu0.1+moto2
kwin-style-breeze	4:6.6.5-0ubuntu0.1
kwin-wayland	4:6.6.6-0ubuntu0.1+moto2
language-pack-gnome-zh-hans	1:26.04+20260818
language-pack-gnome-zh-hans-base	1:26.04+20260818
language-pack-kde-zh-hans	1:24.04.0ubuntu1
language-pack-zh-hans	1:26.04+20260818
language-pack-zh-hans-base	1:26.04+20260818
layer-shell-qt	6.6.4-0ubuntu1
liba52-0.7.4:arm64	0.7.4-22
libaa1:arm64	1.4p5-51.1build1
libabsl20260107:arm64	20260107.0-4
libaccounts-glib0:arm64	1.27-3
libaccounts-qt6-1:arm64	1.17-4ubuntu2
libacl1:arm64	2.3.2-2
libadios2-mpi-auxiliary-2.11:arm64	2.11.0+dfsg1-6build1
libadios2-mpi-c++-2.11:arm64	2.11.0+dfsg1-6build1
libadios2-mpi-c-2.11:arm64	2.11.0+dfsg1-6build1
libadios2-mpi-core-2.11:arm64	2.11.0+dfsg1-6build1
libadios2-mpi-plugins:arm64	2.11.0+dfsg1-6build1
libadwaita-1-0:arm64	1.9.1-0ubuntu0.1
libadwaita-1-dev:arm64	1.9.1-0ubuntu0.1
libaec0:arm64	1.1.5-1
libaliased-perl	0.34-3
libamd-comgr3:arm64	7.1.1+dfsg-0ubuntu1
libamdhip64-7:arm64	7.1.0-0ubuntu2
libaom3:arm64	3.13.1-2ubuntu0.1
libapparmor1:arm64	5.0.2-0ubuntu1~26.04.1
libappimage1.0abi1t64:arm64	1.0.4-5-7build1
libappstream-dev:arm64	1.1.2-1
libappstream5:arm64	1.1.2-1
libappstreamqt3:arm64	1.1.2-1
libapt-pkg-perl	0.1.43
libapt-pkg7.0:arm64	3.2.0
libarchive-zip-perl	1.68-1
libarchive13t64:arm64	3.8.5-1ubuntu2.2
libaribb24-0t64:arm64	1.0.3-3
libarmadillo15	1:15.2.1+dfsg-2
libarpack2t64:arm64	3.9.1-6build1
libasan8:arm64	16-20260322-1ubuntu1
libasound2-data	1.2.15.3-1ubuntu1.1
libasound2-plugins:arm64	1.2.12-2build1
libasound2t64:arm64	1.2.15.3-1ubuntu1.1
libass9:arm64	1:0.17.4-2
libassuan9:arm64	3.0.2-2build1
libasyncns0:arm64	0.8-7
libatasmart4:arm64	0.19-6
libatk-bridge2.0-0t64:arm64	2.60.4-0ubuntu0.1
libatk1.0-0t64:arm64	2.60.4-0ubuntu0.1
libatomic1:arm64	16-20260322-1ubuntu1
libatspi2.0-0t64:arm64	2.60.4-0ubuntu0.1
libattr1:arm64	1:2.5.2-4ubuntu0.1
libaudit-common	1:4.1.2-1ubuntu0.1
libaudit1:arm64	1:4.1.2-1ubuntu0.1
libavahi-client3:arm64	0.8-18ubuntu1.1
libavahi-common-data:arm64	0.8-18ubuntu1.1
libavahi-common3:arm64	0.8-18ubuntu1.1
libavahi-glib1:arm64	0.8-18ubuntu1.1
libavc1394-0:arm64	0.5.4-5build4
libavcodec-dev:arm64	7:8.0.1-3ubuntu2
libavcodec62:arm64	7:8.0.1-3ubuntu2
libavdevice62:arm64	7:8.0.1-3ubuntu2
libavfilter11:arm64	7:8.0.1-3ubuntu2
libavformat-dev:arm64	7:8.0.1-3ubuntu2
libavformat62:arm64	7:8.0.1-3ubuntu2
libavif16:arm64	1.3.0-1ubuntu4
libavtp0:arm64	0.2.0-2build1
libavutil-dev:arm64	7:8.0.1-3ubuntu2
libavutil60:arm64	7:8.0.1-3ubuntu2
libb-hooks-endofscope-perl	0.28-2
libb-hooks-op-check-perl:arm64	0.22-3build2
libb2-1:arm64	0.98.1-1.1build2
libbabeltrace1:arm64	1.5.11-5build1
libbatterycontrol6	4:6.6.6-0ubuntu0.1
libberkeleydb-perl:arm64	0.66-2
libbinutils:arm64	2.46-3ubuntu2
libblas3:arm64	3.12.1-7ubuntu1
libblkid-dev:arm64	2.41.3-3ubuntu2.2
libblkid1:arm64	2.41.3-3ubuntu2.2
libblockdev-crypto3:arm64	3.4.0-1
libblockdev-fs3:arm64	3.4.0-1
libblockdev-loop3:arm64	3.4.0-1
libblockdev-mdraid3:arm64	3.4.0-1
libblockdev-nvme3:arm64	3.4.0-1
libblockdev-part3:arm64	3.4.0-1
libblockdev-smart3:arm64	3.4.0-1
libblockdev-swap3:arm64	3.4.0-1
libblockdev-utils3:arm64	3.4.0-1
libblockdev3:arm64	3.4.0-1
libblosc1:arm64	1.21.5+ds-2
libblosc2-7:arm64	2.23.0+ds-1
libbluetooth3:arm64	5.85-4ubuntu0.2
libbluray3:arm64	1:1.4.1-1
libboost-dev:arm64	1.90.0.1ubuntu3
libboost-filesystem1.90.0:arm64	1.90.0-6ubuntu1
libboost-log1.90.0	1.90.0-6ubuntu1
libboost-thread1.90.0:arm64	1.90.0-6ubuntu1
libboost1.90-dev:arm64	1.90.0-6ubuntu1
libbpf1:arm64	1:1.6.3-1ubuntu1
libbrotli-dev:arm64	1.2.0-3build1
libbrotli1:arm64	1.2.0-3build1
libbs2b0:arm64	3.1.0+dfsg-8build1
libbsd0:arm64	0.12.2-2build2
libbytesize-common	2.12-1
libbytesize1:arm64	2.12-1
libbz2-1.0:arm64	1.0.8-6ubuntu0.1
libbz2-dev:arm64	1.0.8-6ubuntu0.1
libc-bin	2.43-2ubuntu2.4
libc-dev-bin	2.43-2ubuntu2.4
libc-gconv-modules-extra:arm64	2.43-2ubuntu2.4
libc6:arm64	2.43-2ubuntu2.4
libc6-dev:arm64	2.43-2ubuntu2.4
libcaca0:arm64	0.99.beta20-6ubuntu2.1
libcairo-gobject2:arm64	1.18.4-3
libcairo-script-interpreter2:arm64	1.18.4-3
libcairo2:arm64	1.18.4-3
libcairo2-dev:arm64	1.18.4-3
libcamera0.7:arm64	0.7.0-1ubuntu2
libcanberra-dev:arm64	0.30-18ubuntu3
libcanberra0:arm64	0.30-18ubuntu3
libcap-dev:arm64	1:2.75-10ubuntu2
libcap-ng0:arm64	0.8.5-4build5
libcap2:arm64	1:2.75-10ubuntu2
libcap2-bin	1:2.75-10ubuntu2
libcapture-tiny-perl	0.50-1
libcbor0.10:arm64	0.10.2-2ubuntu3
libcc1-0:arm64	16-20260322-1ubuntu1
libcddb2	1.3.2-7.1fakesync1build1
libcdio-cdda2t64:arm64	10.2+2.0.2-2
libcdio-paranoia2t64:arm64	10.2+2.0.2-2
libcdio19t64:arm64	2.2.0-4build1
libcdparanoia0:arm64	3.10.2+debian-14ubuntu2
libcfitsio10t64:arm64	4.6.3-1
libcgi-pm-perl	4.71-1build1
libcharls2:arm64	2.4.2-2build3
libchewing3:arm64	0.11.0-1
libchewing3-data	0.11.0-1
libchromaprint1:arm64	1.6.0-2build1
libcjson1:arm64	1.7.19-2
libclang-cpp21	1:21.1.8-6ubuntu1
libclang1-21	1:21.1.8-6ubuntu1
libclass-data-inheritable-perl	0.10-1
libclass-inspector-perl	1.36-3
libclass-method-modifiers-perl	2.15-1
libclass-xsaccessor-perl	1.19-4build6
libclone-perl:arm64	0.47-1
libcodec2-1.2:arm64	1.2.0-4
libcolord2:arm64	1.4.8-3
libcom-err2:arm64	1.47.2-3ubuntu4
libconfig-tiny-perl	2.30-1
libconst-fast-perl	0.014-2
libcpanel-json-xs-perl:arm64	4.40-1
libcpuinfo0:arm64	0.0~git20250905.877328f-1
libcrypt-dev:arm64	1:4.5.1-1
libcrypt1:arm64	1:4.5.1-1
libcryptsetup12:arm64	2:2.8.4-1ubuntu4
libctf-nobfd0:arm64	2.46-3ubuntu2
libctf0:arm64	2.46-3ubuntu2
libcups2-dev:arm64	2.4.16-1ubuntu1.3
libcups2t64:arm64	2.4.16-1ubuntu1.3
libcupsimage2-dev:arm64	2.4.16-1ubuntu1.3
libcupsimage2t64:arm64	2.4.16-1ubuntu1.3
libcurl3t64-gnutls:arm64	8.18.0-1ubuntu2.5
libcurl4t64:arm64	8.18.0-1ubuntu2.5
libdata-dpath-perl	0.60-1
libdata-messagepack-perl	1.02-3
libdata-optlist-perl	0.114-1
libdata-validate-domain-perl	0.15-1
libdata-validate-ip-perl	0.31-1
libdata-validate-uri-perl	0.07-3
libdatrie-dev:arm64	0.2.14-1
libdatrie1:arm64	0.2.14-1
libdav1d-dev:arm64	1.5.3-1
libdav1d7:arm64	1.5.3-1
libdb5.3t64:arm64	5.3.28+dfsg2-10ubuntu1
libdbus-1-3:arm64	1.16.2-2ubuntu4
libdc1394-25:arm64	2.2.6-6
libdc1394-dev:arm64	2.2.6-6
libdca0:arm64	0.0.7-2build2
libdconf1:arm64	0.49.0-4
libddcutil5:arm64	2.2.5-1
libde265-0:arm64	1.0.16-1build1
libdebconfclient0:arm64	0.280ubuntu1
libdebhelper-perl	13.31ubuntu1
libdebuginfod-common	0.194-4
libdebuginfod1t64:arm64	0.194-4
libdecor-0-0:arm64	0.2.5-1
libdeflate-dev:arm64	1.23-2ubuntu1
libdeflate0:arm64	1.23-2ubuntu1
libdevel-callchecker-perl:arm64	0.009-3
libdevel-size-perl	0.86-1
libdevel-stacktrace-perl	2.0500-1
libdevmapper1.02.1:arm64	2:1.02.205-2ubuntu3
libdisplay-info-dev:arm64	0.3.0-1
libdisplay-info3:arm64	0.3.0-1
libdmtx0t64:arm64	0.7.8-1
libdnnl3.6:arm64	3.9.1+ds-2
libdolphinvcs6:arm64	4:25.12.3-0ubuntu1
libdouble-conversion3:arm64	3.4.0-1
libdpkg-perl	1.23.7ubuntu1
libdrm-amdgpu1:arm64	2.4.131-1
libdrm-common	2.4.131-1
libdrm-dev:arm64	2.4.131-1
libdrm-etnaviv1:arm64	2.4.131-1
libdrm-freedreno1:arm64	2.4.131-1
libdrm-nouveau2:arm64	2.4.131-1
libdrm-radeon1:arm64	2.4.131-1
libdrm-tegra0:arm64	2.4.131-1
libdrm2:arm64	2.4.131-1
libduktape207:arm64	2.7.0+tests-0ubuntu4
libdv4t64:arm64	1.0.0-17.1build2
libdvbpsi10:arm64	1.3.3-1build2
libdvdnav4:arm64	7.0.0-2
libdvdread8t64:arm64	7.0.1-1
libdw1t64:arm64	0.194-4
libdynaloader-functions-perl	0.004-2
libebml5:arm64	1.4.5-2
libedit2:arm64	3.1-20251016-1
libeditorconfig0:arm64	0.12.10+~0.17.1-3ubuntu0.1
libefivar1t64:arm64	39-2
libegl-dev:arm64	1.7.0-3
libegl-mesa0:arm64	26.3.0~devel20260824+moto1
libegl1:arm64	1.7.0-3
libegl1-mesa-dev:arm64	26.0.8-1ubuntu0.3
libei1:arm64	1.5.0-3
libeis-dev:arm64	1.5.0-3
libeis1:arm64	1.5.0-3
libelf-dev:arm64	0.194-4
libelf1t64:arm64	0.194-4
libemail-address-xs-perl	1.05-1build5
libencode-locale-perl	1.05-3
libepoxy-dev:arm64	1.5.10-2build1
libepoxy0:arm64	1.5.10-2build1
libepub0	0.2.2-8
liberror-perl	0.17030-1
libevdev-dev:arm64	1.13.6+dfsg-1
libevdev2:arm64	1.13.6+dfsg-1
libevent-core-2.1-7t64:arm64	2.1.12-stable-10ubuntu0.1
libevent-pthreads-2.1-7t64:arm64	2.1.12-stable-10ubuntu0.1
libexception-class-perl	1.45-1
libexif-dev:arm64	0.6.25-2ubuntu0.1
libexif12:arm64	0.6.25-2ubuntu0.1
libexiv2-28:arm64	0.28.8+dfsg-1
libexiv2-data	0.28.8+dfsg-1
libexpat1:arm64	2.7.4-1ubuntu0.1
libexpat1-dev:arm64	2.7.4-1ubuntu0.1
libext2fs2t64:arm64	1.47.2-3ubuntu4
libfaad2:arm64	2.11.2-1build1
libfabric1:arm64	2.1.0-1.1build1
libfarmhash0:arm64	0~git20190513.0d859a8-4
libfdisk1:arm64	2.41.3-3ubuntu2.2
libffi-dev:arm64	3.5.2-4
libffi8:arm64	3.5.2-4
libfftw3-double3:arm64	3.3.10-2fakesync1build3
libfftw3-single3:arm64	3.3.10-2fakesync1build3
libfido2-1:arm64	1.16.0-2build1
libfile-basedir-perl	0.09-2
libfile-find-rule-perl	0.35-1build1
libfile-libmagic-perl	1.23-2build2
libfile-listing-perl	6.16-1
libfile-sharedir-perl	1.118-3
libfile-stripnondeterminism-perl	1.15.0-1build1
libflac14:arm64	1.5.0+ds-5
libflite1:arm64	2.2-7build1
libfluidsynth3:arm64	2.4.8+dfsg-1
libfont-ttf-perl	1.06-2
libfontconfig-dev:arm64	2.17.1-3ubuntu1
libfontconfig1:arm64	2.17.1-3ubuntu1
libfontenc1:arm64	1:1.1.8-1build2
libfreeaptx0:arm64	0.2.2-1build1
libfreetype-dev:arm64	2.14.2+dfsg-1ubuntu0.1
libfreetype6:arm64	2.14.2+dfsg-1ubuntu0.1
libfreexl1:arm64	2.0.0-1build3
libfribidi-dev:arm64	1.0.16-5
libfribidi0:arm64	1.0.16-5
libfuse3-4:arm64	3.18.2-1
libfyaml0:arm64	0.9.4-1
libfyba0t64:arm64	4.1.1-11build2
libgav1-2:arm64	0.20.0-2build1
libgbm-dev:arm64	26.3.0~devel20260824+moto1
libgbm1:arm64	26.3.0~devel20260824+moto1
libgcc-15-dev:arm64	15.2.0-16ubuntu1
libgcc-s1:arm64	16-20260322-1ubuntu1
libgcrypt20:arm64	1.12.0-2ubuntu1.1
libgd3:arm64	2.3.3-13ubuntu2
libgdal38:arm64	3.12.2+dfsg-1build2
libgdbm-compat4t64:arm64	1.26-1build1
libgdbm6t64:arm64	1.26-1build1
libgdcm-dev	3.0.24-9ubuntu1
libgdcm3.0t64:arm64	3.0.24-9ubuntu1
libgdk-pixbuf-2.0-0:arm64	2.44.5+dfsg-4ubuntu1
libgdk-pixbuf-2.0-dev:arm64	2.44.5+dfsg-4ubuntu1
libgdk-pixbuf2.0-bin	2.44.5+dfsg-4ubuntu1
libgdk-pixbuf2.0-common	2.44.5+dfsg-4ubuntu1
libgeoclue-2-0:arm64	2.7.2-2ubuntu3
libgeos-c1t64:arm64	3.14.1-2
libgeos3.14.1:arm64	3.14.1-2
libgeotiff5:arm64	1.7.4-1build1
libgflags2.2	2.2.2-3
libgfortran5:arm64	16-20260322-1ubuntu1
libgif7:arm64	5.2.2-1ubuntu3.2
libgio-2.0-dev:arm64	2.88.0-1ubuntu0.1
libgio-2.0-dev-bin	2.88.0-1ubuntu0.1
libgirepository-2.0-0:arm64	2.88.0-1ubuntu0.1
libgit2-1.9:arm64	1.9.1+ds-1ubuntu1.1
libgl-dev:arm64	1.7.0-3
libgl1:arm64	1.7.0-3
libgl1-mesa-dri:arm64	26.3.0~devel20260824+moto1
libgl2ps1.4:arm64	1.4.2+dfsg1-4
libgles-dev:arm64	1.7.0-3
libgles1:arm64	1.7.0-3
libgles2:arm64	1.7.0-3
libglib2.0-0t64:arm64	2.88.0-1ubuntu0.1
libglib2.0-bin	2.88.0-1ubuntu0.1
libglib2.0-data	2.88.0-1ubuntu0.1
libglib2.0-dev:arm64	2.88.0-1ubuntu0.1
libglib2.0-dev-bin	2.88.0-1ubuntu0.1
libglvnd-core-dev:arm64	1.7.0-3
libglvnd-dev:arm64	1.7.0-3
libglvnd0:arm64	1.7.0-3
libglx-dev:arm64	1.7.0-3
libglx-mesa0:arm64	26.3.0~devel20260824+moto1
libglx0:arm64	1.7.0-3
libglycin-2-0:arm64	2.1.1+ds-0ubuntu1
libglycin-2-dev:arm64	2.1.1+ds-0ubuntu1
libglycin-gtk4-2-0:arm64	2.1.1+ds-0ubuntu1
libglycin-gtk4-2-dev:arm64	2.1.1+ds-0ubuntu1
libgme0:arm64	0.6.4-1
libgmp10:arm64	2:6.3.0+dfsg-5ubuntu2
libgnutls30t64:arm64	3.8.12-2ubuntu1.1
libgomp1:arm64	16-20260322-1ubuntu1
libgoogle-glog0v6t64	0.6.0-3
libgpg-error0:arm64	1.58-2
libgpgme45:arm64	2.0.1-2build1
libgpgmepp7:arm64	2.0.0-2
libgphoto2-6t64:arm64	2.5.33-1ubuntu1.1
libgphoto2-dev:arm64	2.5.33-1ubuntu1.1
libgphoto2-port12t64:arm64	2.5.33-1ubuntu1.1
libgpm2:arm64	1.20.7-12build1
libgprofng0:arm64	2.46-3ubuntu2
libgraphene-1.0-0:arm64	1.10.8-5build1
libgraphene-1.0-dev:arm64	1.10.8-5build1
libgraphite2-3:arm64	1.3.14-11ubuntu1.1
libgraphite2-dev:arm64	1.3.14-11ubuntu1.1
libgs-common	10.06.0~dfsg-3ubuntu1.1
libgs10:arm64	10.06.0~dfsg-3ubuntu1.1
libgs10-common	10.06.0~dfsg-3ubuntu1.1
libgsm1:arm64	1.0.23-2
libgssapi-krb5-2:arm64	1.22.1-2ubuntu4.1
libgssdp-1.6-0:arm64	1.6.4-5
libgstreamer-gl1.0-0:arm64	1.28.2-1ubuntu0.1
libgstreamer-opencv1.0-0:arm64	1.28.2-1ubuntu1.1
libgstreamer-plugins-bad1.0-0:arm64	1.28.2-1ubuntu1.1
libgstreamer-plugins-bad1.0-dev:arm64	1.28.2-1ubuntu1.1
libgstreamer-plugins-base1.0-0:arm64	1.28.2-1ubuntu0.1
libgstreamer-plugins-base1.0-dev:arm64	1.28.2-1ubuntu0.1
libgstreamer-plugins-extra1.0-0:arm64	1.28.2-1ubuntu1.1
libgstreamer-plugins-extra1.0-dev:arm64	1.28.2-1ubuntu1.1
libgstreamer1.0-0:arm64	1.28.2-1
libgstreamer1.0-dev:arm64	1.28.2-1
libgtk-3-0t64:arm64	3.24.52-0ubuntu1
libgtk-3-common	3.24.52-0ubuntu1
libgtk-4-1:arm64	4.22.4+ds-0ubuntu0.1
libgtk-4-common	4.22.4+ds-0ubuntu0.1
libgtk-4-dev:arm64	4.22.4+ds-0ubuntu0.1
libgudev-1.0-0:arm64	1:238-7build1
libgudev-1.0-dev:arm64	1:238-7build1
libgupnp-1.6-0:arm64	1.6.9-4
libgupnp-igd-1.6-0:arm64	1.6.0-5
libharfbuzz-cairo0:arm64	12.3.2-2
libharfbuzz-dev:arm64	12.3.2-2
libharfbuzz-gobject0:arm64	12.3.2-2
libharfbuzz-icu0:arm64	12.3.2-2
libharfbuzz-subset0:arm64	12.3.2-2
libharfbuzz0b:arm64	12.3.2-2
libhdf4-0:arm64	4.3.1-2
libhdf5-310:arm64	1.14.6+repack-2
libhdf5-hl-310:arm64	1.14.6+repack-2
libhdf5-openmpi-310:arm64	1.14.6+repack-2
libheif-plugin-aomdec:arm64	1.21.2-3ubuntu0.5
libheif1:arm64	1.21.2-3ubuntu0.5
libhogweed6t64:arm64	3.10.2-1
libhsa-runtime64-1:arm64	7.1.0+dfsg-0ubuntu9
libhsakmt1:arm64	7.1.0+dfsg-0ubuntu9
libhtml-form-perl	6.13-1build1
libhtml-html5-entities-perl	0.004-3
libhtml-parser-perl:arm64	3.83-1ubuntu0.1
libhtml-tagset-perl	3.24-1
libhtml-tokeparser-simple-perl	3.16-4
libhtml-tree-perl	5.07-3
libhttp-cookies-perl	6.11-1
libhttp-date-perl	6.06-1ubuntu0.26.04.1
libhttp-message-perl	7.01-1ubuntu1
libhttp-negotiate-perl	6.01-2
libhunspell-1.7-0:arm64	1.7.2+really1.7.2-11
libhwasan0:arm64	16-20260322-1ubuntu1
libhwloc-plugins:arm64	2.13.0-2
libhwloc15:arm64	2.13.0-2
libhwy1t64:arm64	1.3.0-2
libibmad5:arm64	61.0-2ubuntu3
libibumad3:arm64	61.0-2ubuntu3
libibverbs1:arm64	61.0-2ubuntu3
libice-dev:arm64	2:1.1.1-1build1
libice6:arm64	2:1.1.1-1build1
libicu-dev:arm64	78.2-2ubuntu1
libicu78:arm64	78.2-2ubuntu1
libidn12:arm64	1.43-2ubuntu0.26.04.1
libidn2-0:arm64	2.3.8-4build1
libiec61883-0:arm64	1.2.0-8
libijs-0.35:arm64	0.35-16
libimagequant0:arm64	4.4.1-1
libimath-3-1-29t64:arm64	3.1.12-1ubuntu5
libimath-dev:arm64	3.1.12-1ubuntu5
libimobiledevice-1.0-6:arm64	1.4.0-1build1
libimobiledevice-glue-1.0-0	1.3.2-2build1
libimport-into-perl	1.002005-2
libinih1:arm64	61-1ubuntu1
libinireader0:arm64	61-1ubuntu1
libinput-bin	1.31.1-1ubuntu1.2
libinput-dev:arm64	1.31.1-1ubuntu1.2
libinput10:arm64	1.31.1-1ubuntu1.2
libinstpatch-1.0-2:arm64	1.1.7-1.1
libio-html-perl	1.004-3
libio-interactive-perl	1.027-1
libio-socket-ssl-perl	2.098-1
libio-string-perl	1.08-4
libipc-run3-perl	0.049-1
libipc-system-simple-perl	1.30-2
libisl23:arm64	0.27-1build1
libiterator-perl	0.03+ds1-2
libiterator-util-perl	0.02+ds1-2
libitm1:arm64	16-20260322-1ubuntu1
libixml11t64:arm64	1:1.14.25-1ubuntu1
libjack-jackd2-0:arm64	1.9.22~dfsg-5build1
libjansson4:arm64	2.14-2build4
libjbig-dev:arm64	2.1-6.1ubuntu3
libjbig0:arm64	2.1-6.1ubuntu3
libjbig2dec0:arm64	0.20-1ubuntu0.26.04.1
libjpeg-dev:arm64	8c-2ubuntu12
libjpeg-turbo8:arm64	2.1.5-4ubuntu4
libjpeg-turbo8-dev:arm64	2.1.5-4ubuntu4
libjpeg8:arm64	8c-2ubuntu12
libjpeg8-dev:arm64	8c-2ubuntu12
libjs-sphinxdoc	8.2.3-12
libjs-underscore	1.13.8~dfsg+~1.13.0-1
libjson-c5:arm64	0.18+ds-3
libjson-glib-1.0-0:arm64	1.10.8+ds-2
libjson-glib-1.0-common	1.10.8+ds-2
libjson-glib-dev:arm64	1.10.8+ds-2
libjson-maybexs-perl	1.004008-1
libjsoncpp26:arm64	1.9.6-5
libjxl0.11:arm64	0.11.1-6ubuntu4.2
libk5crypto3:arm64	1.22.1-2ubuntu4.1
libkaccounts6-2:arm64	4:25.12.3-0ubuntu1
libkate1:arm64	0.4.1-12
libkdecorations3-6:arm64	4:6.6.4-0ubuntu1
libkdecorations3-dev:arm64	4:6.6.4-0ubuntu1
libkdecorations3private2:arm64	4:6.6.4-0ubuntu1
libkdsingleapplication-qt6-1.0:arm64	1.2.0-1
libkdsoap-qt6-2:arm64	2.2.0+dfsg-4ubuntu1
libkdsoapwsdiscoveryclient0:arm64	0.4.0-2ubuntu2
libkexiv2qt6-0:arm64	25.12.3-0ubuntu1
libkeyutils1:arm64	1.6.3-6ubuntu3
libkf6archive-data	6.24.0-0ubuntu1
libkf6archive-dev	6.24.0-0ubuntu1
libkf6archive6:arm64	6.24.0-0ubuntu1
libkf6attica-dev	6.24.0-0ubuntu1
libkf6attica6:arm64	6.24.0-0ubuntu1
libkf6auth-data	6.24.0-0ubuntu1
libkf6auth-dev:arm64	6.24.0-0ubuntu1
libkf6auth-dev-bin	6.24.0-0ubuntu1
libkf6authcore6:arm64	6.24.0-0ubuntu1
libkf6baloo6:arm64	6.24.0-0ubuntu1
libkf6balooengine6:arm64	6.24.0-0ubuntu1
libkf6baloowidgets6:arm64	4:25.12.3-0ubuntu1
libkf6bluezqt-data	6.24.0-0ubuntu1
libkf6bluezqt6:arm64	6.24.0-0ubuntu1
libkf6bookmarks-data	6.24.0-0ubuntu1
libkf6bookmarks-dev	6.24.0-0ubuntu1
libkf6bookmarks6:arm64	6.24.0-0ubuntu1
libkf6bookmarkswidgets6:arm64	6.24.0-0ubuntu1
libkf6breezeicons6:arm64	6.24.0-0ubuntu1
libkf6calendarevents6:arm64	6.24.0-0ubuntu1
libkf6codecs-data	6.24.0-0ubuntu1
libkf6codecs-dev:arm64	6.24.0-0ubuntu1
libkf6codecs6:arm64	6.24.0-0ubuntu1
libkf6colorscheme-data	6.24.0-0ubuntu1
libkf6colorscheme-dev	6.24.0-0ubuntu1
libkf6colorscheme6:arm64	6.24.0-0ubuntu1
libkf6completion-data	6.24.0-0ubuntu1
libkf6completion-dev	6.24.0-0ubuntu1
libkf6completion6:arm64	6.24.0-0ubuntu1
libkf6config-bin	6.24.0-0ubuntu1
libkf6config-data	6.24.0-0ubuntu1
libkf6config-dev:arm64	6.24.0-0ubuntu1
libkf6config-dev-bin	6.24.0-0ubuntu1
libkf6configcore6:arm64	6.24.0-0ubuntu1
libkf6configgui6:arm64	6.24.0-0ubuntu1
libkf6configqml6:arm64	6.24.0-0ubuntu1
libkf6configwidgets-data	6.24.0-0ubuntu1
libkf6configwidgets-dev	6.24.0-0ubuntu1
libkf6configwidgets6:arm64	6.24.0-0ubuntu1
libkf6coreaddons-data	6.24.0-0ubuntu1
libkf6coreaddons-dev:arm64	6.24.0-0ubuntu1
libkf6coreaddons6:arm64	6.24.0-0ubuntu1
libkf6crash-dev	6.24.0-0ubuntu1
libkf6crash6:arm64	6.24.0-0ubuntu1
libkf6dbusaddons-data	6.24.0-0ubuntu1
libkf6dbusaddons-dev	6.24.0-0ubuntu1
libkf6dbusaddons6:arm64	6.24.0-0ubuntu1
libkf6declarative-data	6.24.0-0ubuntu1
libkf6declarative-dev	6.24.0-0ubuntu1
libkf6dnssd-data	6.24.0-0ubuntu1
libkf6dnssd6:arm64	6.24.0-0ubuntu1
libkf6doctools-dev:arm64	6.24.0-0ubuntu1
libkf6doctools6:arm64	6.24.0-0ubuntu1
libkf6filemetadata-bin:arm64	6.24.0-0ubuntu1
libkf6filemetadata-data	6.24.0-0ubuntu1
libkf6filemetadata3:arm64	6.24.0-0ubuntu1
libkf6globalaccel-data	6.24.0-0ubuntu1
libkf6globalaccel-dev:arm64	6.24.0-0ubuntu1
libkf6globalaccel6:arm64	6.24.0-0ubuntu1
libkf6guiaddons-data	6.24.0-0ubuntu1.1
libkf6guiaddons-dev	6.24.0-0ubuntu1.1
libkf6guiaddons6:arm64	6.24.0-0ubuntu1.1
libkf6holidays-data	6.24.0-0ubuntu1
libkf6holidays6:arm64	6.24.0-0ubuntu1
libkf6i18n-data	6.24.0-0ubuntu1
libkf6i18n-dev:arm64	6.24.0-0ubuntu1
libkf6i18n6:arm64	6.24.0-0ubuntu1
libkf6i18nlocaledata6:arm64	6.24.0-0ubuntu1
libkf6i18nqml6:arm64	6.24.0-0ubuntu1
libkf6iconthemes-data	6.24.0-0ubuntu2
libkf6iconthemes-dev	6.24.0-0ubuntu2
libkf6iconthemes6:arm64	6.24.0-0ubuntu2
libkf6iconwidgets6:arm64	6.24.0-0ubuntu2
libkf6idletime-dev	6.24.0-0ubuntu1
libkf6idletime6:arm64	6.24.0-0ubuntu1
libkf6itemmodels-dev	6.24.0-0ubuntu1
libkf6itemmodels6:arm64	6.24.0-0ubuntu1
libkf6itemviews-data	6.24.0-0ubuntu1
libkf6itemviews-dev	6.24.0-0ubuntu1
libkf6itemviews6:arm64	6.24.0-0ubuntu1
libkf6jobwidgets-data	6.24.0-0ubuntu1
libkf6jobwidgets-dev	6.24.0-0ubuntu1
libkf6jobwidgets6:arm64	6.24.0-0ubuntu1
libkf6kcmutils-bin	6.24.0-0ubuntu1
libkf6kcmutils-data	6.24.0-0ubuntu1
libkf6kcmutils-dev	6.24.0-0ubuntu1
libkf6kcmutils6:arm64	6.24.0-0ubuntu1
libkf6kcmutilscore6:arm64	6.24.0-0ubuntu1
libkf6kcmutilsquick6:arm64	6.24.0-0ubuntu1
libkf6kio-dev	6.24.0-0ubuntu1
libkf6kiocore6:arm64	6.24.0-0ubuntu1
libkf6kiofilewidgets6:arm64	6.24.0-0ubuntu1
libkf6kiogui6:arm64	6.24.0-0ubuntu1
libkf6kiowidgets6:arm64	6.24.0-0ubuntu1
libkf6modemmanagerqt6:arm64	6.23.0-0ubuntu1
libkf6networkmanagerqt6:arm64	6.24.0-0ubuntu1
libkf6newstuff-data	6.24.0-0ubuntu1
libkf6newstuff-dev	6.24.0-0ubuntu1
libkf6newstuffcore6:arm64	6.24.0-0ubuntu1
libkf6newstuffwidgets6:arm64	6.24.0-0ubuntu1
libkf6notifications-data	6.24.0-0ubuntu1
libkf6notifications-dev:arm64	6.24.0-0ubuntu1
libkf6notifications6:arm64	6.24.0-0ubuntu1
libkf6package-data	6.24.0-0ubuntu1
libkf6package-dev:arm64	6.24.0-0ubuntu1
libkf6package6:arm64	6.24.0-0ubuntu1
libkf6parts-data	6.24.0-0ubuntu1
libkf6parts6:arm64	6.24.0-0ubuntu1
libkf6prison6:arm64	6.24.0-0ubuntu1
libkf6prisonscanner6:arm64	6.24.0-0ubuntu1
libkf6pty-data	6.24.0-0ubuntu1
libkf6pty6:arm64	6.24.0-0ubuntu1
libkf6pulseaudioqt5:arm64	1.7.0-1build1
libkf6purpose-bin:arm64	6.24.0-0ubuntu1
libkf6purpose-data	6.24.0-0ubuntu1
libkf6purpose6:arm64	6.24.0-0ubuntu1
libkf6purposewidgets6:arm64	6.24.0-0ubuntu1
libkf6qqc2desktopstyle-data	6.24.0-0ubuntu1
libkf6runner-dev	6.24.0-0ubuntu1
libkf6runner6:arm64	6.24.0-0ubuntu1
libkf6screen8:arm64	4:6.6.4-0ubuntu1
libkf6screendpms8:arm64	4:6.6.4-0ubuntu1
libkf6service-bin	6.24.0-0ubuntu1
libkf6service-data	6.24.0-0ubuntu1
libkf6service-dev:arm64	6.24.0-0ubuntu1
libkf6service6:arm64	6.24.0-0ubuntu1
libkf6solid-data	6.24.0-0ubuntu1
libkf6solid-dev:arm64	6.24.0-0ubuntu1
libkf6solid6:arm64	6.24.0-0ubuntu1
libkf6sonnet-data	6.24.0-0ubuntu1
libkf6sonnetcore6:arm64	6.24.0-0ubuntu1
libkf6sonnetui6:arm64	6.24.0-0ubuntu1
libkf6statusnotifieritem-data	6.24.0-0ubuntu1
libkf6statusnotifieritem-dev	6.24.0-0ubuntu1
libkf6statusnotifieritem6:arm64	6.24.0-0ubuntu1
libkf6style6:arm64	6.24.0-0ubuntu1
libkf6svg-dev	6.24.0-0ubuntu1
libkf6svg6:arm64	6.24.0-0ubuntu1
libkf6syndication6:arm64	6.24.0-0ubuntu1
libkf6syntaxhighlighting-data	6.24.0-0ubuntu1
libkf6syntaxhighlighting6:arm64	6.24.0-0ubuntu1
libkf6texteditor-bin	6.24.0-0ubuntu1
libkf6texteditor-data	6.24.0-0ubuntu1
libkf6texteditor6:arm64	6.24.0-0ubuntu1
libkf6textwidgets-data	6.24.0-0ubuntu1
libkf6textwidgets6:arm64	6.24.0-0ubuntu1
libkf6threadweaver6:arm64	6.24.0-0ubuntu1
libkf6unitconversion-data	6.24.0-0ubuntu1
libkf6unitconversion6:arm64	6.24.0-0ubuntu1
libkf6userfeedback-data	6.24.0-0ubuntu1
libkf6userfeedbackcore6:arm64	6.24.0-0ubuntu1
libkf6userfeedbackwidgets6:arm64	6.24.0-0ubuntu1
libkf6wallet-data	6.24.0-0ubuntu1
libkf6wallet6:arm64	6.24.0-0ubuntu1
libkf6walletbackend6:arm64	6.24.0-0ubuntu1
libkf6widgetsaddons-data	6.24.0-0ubuntu1
libkf6widgetsaddons-dev	6.24.0-0ubuntu1
libkf6widgetsaddons6:arm64	6.24.0-0ubuntu1
libkf6windowsystem-data	6.24.0-0ubuntu1
libkf6windowsystem-dev	6.24.0-0ubuntu1
libkf6windowsystem6:arm64	6.24.0-0ubuntu1
libkf6xmlgui-data	6.24.0-0ubuntu1
libkf6xmlgui-dev:arm64	6.24.0-0ubuntu1
libkf6xmlgui6:arm64	6.24.0-0ubuntu1
libkfontinst6	4:6.6.6-0ubuntu0.1
libkfontinstui6	4:6.6.6-0ubuntu0.1
libkglobalacceld-dev:arm64	6.6.5-0ubuntu0.1
libkglobalacceld0:arm64	6.6.5-0ubuntu0.1
libkirigami-data	6.24.0-0ubuntu1
libkirigami-dev	6.24.0-0ubuntu1
libkirigami6:arm64	6.24.0-0ubuntu1
libkirigamiaddonsstatefulapp6:arm64	1.11.0-2ubuntu2
libkirigamiapp6:arm64	1.11.0-2ubuntu2
libkirigamicontrols6:arm64	6.24.0-0ubuntu1
libkirigamidelegates6:arm64	6.24.0-0ubuntu1
libkirigamidialogs6:arm64	6.24.0-0ubuntu1
libkirigamilayouts6:arm64	6.24.0-0ubuntu1
libkirigamilayoutsprivate6:arm64	6.24.0-0ubuntu1
libkirigamiplatform6:arm64	6.24.0-0ubuntu1
libkirigamipolyfill6:arm64	6.24.0-0ubuntu1
libkirigamiprimitives6:arm64	6.24.0-0ubuntu1
libkirigamiprivate6:arm64	6.24.0-0ubuntu1
libkirigamitemplates6:arm64	6.24.0-0ubuntu1
libklipper6	4:6.6.6-0ubuntu0.1
libklookandfeel6	4:6.6.6-0ubuntu0.1
libkmlbase1t64:arm64	1.3.0-13
libkmldom1t64:arm64	1.3.0-13
libkmlengine1t64:arm64	1.3.0-13
libkmod2:arm64	34.2-2ubuntu2
libkmpris6	4:6.6.6-0ubuntu0.1
libknighttime0:arm64	6.6.5-0ubuntu0.1
libkpipewire-data	6.6.4-0ubuntu1
libkpipewire6:arm64	6.6.4-0ubuntu1
libkpipewiredmabuf6:arm64	6.6.4-0ubuntu1
libkpipewirerecord6:arm64	6.6.4-0ubuntu1
libkquickcontrolsprivate0:arm64	6.24.0-0ubuntu1
libkrb5-3:arm64	1.22.1-2ubuntu4.1
libkrb5support0:arm64	1.22.1-2ubuntu4.1
libksba8:arm64	1.6.7-2build1
libkscreen-bin	4:6.6.4-0ubuntu1
libkscreen-data	4:6.6.4-0ubuntu1
libkscreenlocker6:arm64	6.6.5-0ubuntu0.1
libksysguard-data	4:6.6.5-0ubuntu0.1
libksysguardformatter2	4:6.6.5-0ubuntu0.1
libksysguardsensorfaces2	4:6.6.5-0ubuntu0.1
libksysguardsensors2	4:6.6.5-0ubuntu0.1
libksysguardsystemstats2	4:6.6.5-0ubuntu0.1
libkwaylandclient6:arm64	4:6.6.4-0ubuntu1
libkwin6	4:6.6.6-0ubuntu0.1+moto2
libkworkspace6-6	4:6.6.6-0ubuntu0.1
liblapack3:arm64	3.12.1-7ubuntu1
liblayershellqtinterface6:arm64	6.6.4-0ubuntu1
liblc3-1:arm64	1.1.3+dfsg-1build1
liblcms2-2:arm64	2.17-1ubuntu0.2
liblcms2-dev:arm64	2.17-1ubuntu0.2
libldacbt-enc2:arm64	2.0.2.3+git20200429+ed310a0-5build1
libldap-common	2.6.10+dfsg-1ubuntu5
libldap2:arm64	2.6.10+dfsg-1ubuntu5
libldb2:arm64	2:2.11.0+samba4.23.6+dfsg-1ubuntu2.2
libleptonica6:arm64	1.86.0-1
liblerc-dev:arm64	4.0.0+ds-5ubuntu2
liblerc4:arm64	4.0.0+ds-5ubuntu2
libleveldb1d:arm64	1.23-6
liblilv-0-0:arm64	0.26.2-1
liblirc-client0t64:arm64	0.10.2-0.10ubuntu1
liblist-compare-perl	0.55-2
liblist-someutils-perl	0.59-1
liblist-utilsby-perl	0.12-2
libllvm21:arm64	1:21.1.8-6ubuntu1
liblmdb0:arm64	0.9.31-1build2
liblocale-gettext-perl	1.07-8
liblrdf0:arm64	0.6.1-5
liblsan0:arm64	16-20260322-1ubuntu1
libltc11:arm64	1.3.2-1build2
libltdl7:arm64	2.5.4-9
liblttng-ust-common1t64:arm64	2.14.0-1.1
liblttng-ust-ctl6:arm64	2.14.0-1.1
liblttng-ust1t64:arm64	2.14.0-1.1
liblua5.2-0:arm64	5.2.4-4
liblua5.4-0:arm64	5.4.8-1build1
liblwp-mediatypes-perl	6.04-2
liblwp-protocol-https-perl	6.14-1
liblz4-1:arm64	1.10.0-8
liblzma-dev:arm64	5.8.3-1
liblzma5:arm64	5.8.3-1
liblzo2-2:arm64	2.10-3build2
libmagic-mgc	1:5.46-5build2
libmagic1t64:arm64	1:5.46-5build2
libmaliit-plugins2:arm64	2.3.0-8.1
libmarisa1:arm64	0.3.1+git20250817-1build1
libmarkdown2:arm64	2.2.7-2.1build1
libmatroska7:arm64	1.7.1-2
libmbedcrypto16:arm64	3.6.5-0.1ubuntu2
libmd0:arm64	1.1.0-2build4
libmd4c0:arm64	0.5.2-2build1
libminizip1t64:arm64	1:1.3.dfsg+really1.3.1-1ubuntu3.1
libmjpegutils-2.2-0:arm64	1:2.2.1-3
libmldbm-perl	2.05-4
libmm-glib0:arm64	1.25.95-1ubuntu1
libmng2:arm64	2.0.3+dfsg-5
libmnl0:arm64	1.0.5-3build1
libmodplug1:arm64	1:0.8.9.0-3build2
libmodule-implementation-perl	0.09-2
libmodule-runtime-perl	0.018-1
libmoo-perl	2.005005-1
libmoox-aliases-perl	0.001006-2
libmount-dev:arm64	2.41.3-3ubuntu2.2
libmount1:arm64	2.41.3-3ubuntu2.2
libmouse-perl:arm64	2.6.1-1
libmp3lame0:arm64	3.101~svn6525+dfsg-2
libmpc3:arm64	1.3.1-3
libmpcdec6:arm64	2:0.1~r495-3build1
libmpeg2-4:arm64	0.5.1-10
libmpeg2encpp-2.2-0:arm64	1:2.2.1-3
libmpfr6:arm64	4.2.2-3
libmpg123-0t64:arm64	1.33.3-2
libmplex2-2.2-0:arm64	1:2.2.1-3
libmpv2:arm64	0.41.0-2ubuntu4
libmpvqt2:arm64	1.1.1-2
libmtdev-dev:arm64	1.1.7-1build1
libmtdev1t64:arm64	1.1.7-1build1
libmtp-common	1.1.22-1ubuntu1
libmtp9t64:arm64	1.1.22-1ubuntu1
libmujs3:arm64	1.3.8-2
libmunge2:arm64	0.5.16-1.1
libmuparser2v5:arm64	2.3.4-2
libmysofa1:arm64	1.3.3+dfsg-1ubuntu2
libmysqlclient24:arm64	8.4.11-0ubuntu0.26.04.1
libnamespace-clean-perl	0.27-2
libncurses6:arm64	6.6+20251231-1
libncursesw6:arm64	6.6+20251231-1
libndp0:arm64	1.9-1build1
libneon27t64:arm64	0.36.0-1
libnet-domain-tld-perl	1.75-4
libnet-http-perl	6.24-1build1
libnet-ipv6addr-perl	1.02-1
libnet-netmask-perl	2.0003-1build1
libnet-ssleay-perl:arm64	1.94-3
libnetaddr-ip-perl	4.079+dfsg-2build5
libnetcdf22:arm64	1:4.9.3-1build2
libnetplan1:arm64	1.2-1ubuntu5
libnettle8t64:arm64	3.10.2-1
libnewt0.52:arm64	0.52.25-1ubuntu3
libnfs14:arm64	5.0.2-1ubuntu1.1
libnghttp2-14:arm64	1.68.0-2ubuntu0.2
libnice10:arm64	0.1.23-2
libnl-3-200:arm64	3.12.0-2
libnl-route-3-200:arm64	3.12.0-2
libnm0:arm64	1.54.3-2ubuntu3
libnorm1t64:arm64	1.5.9+dfsg-4
libnotificationmanager1	4:6.6.6-0ubuntu0.1
libnotify4:arm64	0.8.8-1
libnpth0t64:arm64	1.8-3build1
libnspr4:arm64	2:4.38.2-1ubuntu1
libnss3:arm64	2:3.120-1ubuntu2.1
libnuma1:arm64	2.0.19-1build1
libnumber-compare-perl	0.03-3
libnvme1t64:arm64	1.16.1-4
libodbc2:arm64	2.3.14-1
libodbcinst2:arm64	2.3.14-1
liboeffis1:arm64	1.5.0-3
libogg0:arm64	1.3.6-2
libokular6core4	4:25.12.3-0ubuntu1
libonnx1t64:arm64	1.20.0-1
libonnxruntime-providers:arm64	1.23.2+dfsg-6ubuntu1
libonnxruntime1.23:arm64	1.23.2+dfsg-6ubuntu1
libopenal-data	1:1.25.1-2
libopenal1:arm64	1:1.25.1-2
libopencc-data	1.1.9+ds1-4build1
libopencc1.1	1.1.9+ds1-4build1
libopenconnect5:arm64	9.12-3.3
libopencv-calib3d-dev:arm64	4.10.0+dfsg-7ubuntu5
libopencv-calib3d410:arm64	4.10.0+dfsg-7ubuntu5
libopencv-contrib-dev:arm64	4.10.0+dfsg-7ubuntu5
libopencv-contrib410:arm64	4.10.0+dfsg-7ubuntu5
libopencv-core-dev:arm64	4.10.0+dfsg-7ubuntu5
libopencv-core410:arm64	4.10.0+dfsg-7ubuntu5
libopencv-dev	4.10.0+dfsg-7ubuntu5
libopencv-dnn-dev:arm64	4.10.0+dfsg-7ubuntu5
libopencv-dnn410:arm64	4.10.0+dfsg-7ubuntu5
libopencv-features2d-dev:arm64	4.10.0+dfsg-7ubuntu5
libopencv-features2d410:arm64	4.10.0+dfsg-7ubuntu5
libopencv-flann-dev:arm64	4.10.0+dfsg-7ubuntu5
libopencv-flann410:arm64	4.10.0+dfsg-7ubuntu5
libopencv-highgui-dev:arm64	4.10.0+dfsg-7ubuntu5
libopencv-highgui410:arm64	4.10.0+dfsg-7ubuntu5
libopencv-imgcodecs-dev:arm64	4.10.0+dfsg-7ubuntu5
libopencv-imgcodecs410:arm64	4.10.0+dfsg-7ubuntu5
libopencv-imgproc-dev:arm64	4.10.0+dfsg-7ubuntu5
libopencv-imgproc410:arm64	4.10.0+dfsg-7ubuntu5
libopencv-ml-dev:arm64	4.10.0+dfsg-7ubuntu5
libopencv-ml410:arm64	4.10.0+dfsg-7ubuntu5
libopencv-objdetect-dev:arm64	4.10.0+dfsg-7ubuntu5
libopencv-objdetect410:arm64	4.10.0+dfsg-7ubuntu5
libopencv-photo-dev:arm64	4.10.0+dfsg-7ubuntu5
libopencv-photo410:arm64	4.10.0+dfsg-7ubuntu5
libopencv-shape-dev:arm64	4.10.0+dfsg-7ubuntu5
libopencv-shape410:arm64	4.10.0+dfsg-7ubuntu5
libopencv-stitching-dev:arm64	4.10.0+dfsg-7ubuntu5
libopencv-stitching410:arm64	4.10.0+dfsg-7ubuntu5
libopencv-superres-dev:arm64	4.10.0+dfsg-7ubuntu5
libopencv-superres410:arm64	4.10.0+dfsg-7ubuntu5
libopencv-video-dev:arm64	4.10.0+dfsg-7ubuntu5
libopencv-video410:arm64	4.10.0+dfsg-7ubuntu5
libopencv-videoio-dev:arm64	4.10.0+dfsg-7ubuntu5
libopencv-videoio410:arm64	4.10.0+dfsg-7ubuntu5
libopencv-videostab-dev:arm64	4.10.0+dfsg-7ubuntu5
libopencv-videostab410:arm64	4.10.0+dfsg-7ubuntu5
libopencv-viz-dev:arm64	4.10.0+dfsg-7ubuntu5
libopencv-viz410:arm64	4.10.0+dfsg-7ubuntu5
libopenexr-3-1-30:arm64	3.1.13-2build1
libopenexr-dev	3.1.13-2build1
libopengl-dev:arm64	1.7.0-3
libopengl0:arm64	1.7.0-3
libopenh264-8:arm64	2.6.0+dfsg-2build1
libopenjp2-7:arm64	2.5.4-1ubuntu0.1
libopenmpi40:arm64	5.0.10-1
libopenmpt-modplug1:arm64	0.8.9.0-openmpt1-2build3
libopenmpt0t64:arm64	0.8.4-1
libopenni2-0:arm64	2.2.0.33+dfsg-19
libopus-dev:arm64	1.6.1-1
libopus0:arm64	1.6.1-1
liborc-0.4-0t64:arm64	1:0.4.42-2
liborc-0.4-dev:arm64	1:0.4.42-2
liborc-0.4-dev-bin	1:0.4.42-2
libp11-kit0:arm64	0.26.2-2
libpackage-stash-perl	0.40-1
libpackagekitqt6-2:arm64	1.1.4-1
libpam-modules:arm64	1.7.0-5ubuntu3.2
libpam-modules-bin	1.7.0-5ubuntu3.2
libpam-runtime	1.7.0-5ubuntu3.2
libpam-systemd:arm64	259.5-0ubuntu3.4
libpam0g:arm64	1.7.0-5ubuntu3.2
libpango-1.0-0:arm64	1.57.0-1
libpango1.0-dev:arm64	1.57.0-1
libpangocairo-1.0-0:arm64	1.57.0-1
libpangoft2-1.0-0:arm64	1.57.0-1
libpangoxft-1.0-0:arm64	1.57.0-1
libpaper2:arm64	2.2.5-0.3maysync1
libparams-classify-perl:arm64	0.015-2build6
libparams-util-perl	1.102-3build1
libparted2t64:arm64	3.6-6
libpath-tiny-perl	0.148-1
libpci3:arm64	1:3.14.0-1build2
libpciaccess-dev:arm64	0.18.1-1ubuntu4.1
libpciaccess0:arm64	0.18.1-1ubuntu4.1
libpcre2-16-0:arm64	10.46-1build1
libpcre2-32-0:arm64	10.46-1build1
libpcre2-8-0:arm64	10.46-1build1
libpcre2-dev:arm64	10.46-1build1
libpcre2-posix3:arm64	10.46-1build1
libpcsclite1:arm64	2.4.1-1
libperl5.40:arm64	5.40.1-7ubuntu0.3
libperlio-gzip-perl	0.20-1build5
libperlio-utf8-strict-perl	0.010-1build4
libpgm-5.3-0t64:arm64	5.3.128~dfsg-2.1build2
libphonon-l10n	4:4.12.0-7
libphonon4qt6-4t64:arm64	4:4.12.0-7
libpinyin-data:arm64	2.10.3-1
libpinyin15:arm64	2.10.3-1
libpipeline1:arm64	1.5.8-2
libpipewire-0.3-0t64:arm64	1.6.2-1ubuntu1.2
libpipewire-0.3-dev:arm64	1.6.2-1ubuntu1.2
libpipewire-0.3-modules:arm64	1.6.2-1ubuntu1.2
libpisp-common	1.3.0-1build1
libpisp1:arm64	1.3.0-1build1
libpixman-1-0:arm64	0.46.4-1
libpixman-1-dev:arm64	0.46.4-1
libpkgconf7:arm64	2.5.1-4
libplacebo360:arm64	7.360.0-3
libplasma-dev	6.6.6-0ubuntu0.1
libplasma-geolocation-interface6:arm64	4:6.6.4-0ubuntu1
libplasma5support-data	4:6.6.4-0ubuntu1
libplasma5support6:arm64	4:6.6.4-0ubuntu1
libplasma7:arm64	6.6.6-0ubuntu0.1
libplasmaactivities-data	6.6.4-0ubuntu1
libplasmaactivities-dev	6.6.4-0ubuntu1
libplasmaactivities7:arm64	6.6.4-0ubuntu1
libplasmaactivitiesstats1:arm64	6.6.4-0ubuntu1
libplasmaquick7:arm64	6.6.6-0ubuntu0.1
libplist-2.0-4:arm64	2.7.0+git20250820-1build1
libpmix2t64:arm64	6.0.0+really5.0.9-3build1
libpng-dev:arm64	1.6.57-1
libpng16-16t64:arm64	1.6.57-1
libpolkit-agent-1-0:arm64	127-2ubuntu1.1
libpolkit-gobject-1-0:arm64	127-2ubuntu1.1
libpolkit-qt6-1-1:arm64	0.200.0-4ubuntu1
libpoppler-qt6-3t64:arm64	26.01.0-2ubuntu0.1
libpoppler156:arm64	26.01.0-2ubuntu0.1
libpopt0:arm64	1.19+dfsg-2build1
libpowerdevilcore2:arm64	4:6.6.6-0ubuntu0.1
libpq5:arm64	18.6-0ubuntu0.26.04.1
libpresage-data	0.9.1-2.6ubuntu3
libpresage1v5:arm64	0.9.1-2.6ubuntu3
libproc-processtable-perl:arm64	0.637-1
libproc2-0:arm64	2:4.0.4-9ubuntu1
libprocesscore10	4:6.6.5-0ubuntu0.1
libproj25:arm64	9.7.1-1
libprotobuf-lite32t64:arm64	3.21.12-15ubuntu1
libprotobuf32t64:arm64	3.21.12-15ubuntu1
libproxy1v5:arm64	0.5.12-1
libpskc0t64:arm64	2.6.14-1
libpsl5t64:arm64	0.21.2-1.1build2
libpthreadpool0:arm64	0.0~git20251020.0e6ca13-1
libpugixml1v5:arm64	1.14-2build1
libpulse-mainloop-glib0:arm64	1:17.0+dfsg1-2ubuntu4
libpulse0:arm64	1:17.0+dfsg1-2ubuntu4
libpulsedsp:arm64	1:17.0+dfsg1-2ubuntu4
libpython3-stdlib:arm64	3.14.3-0ubuntu2
libpython3.14:arm64	3.14.4-1ubuntu0.2
libpython3.14-minimal:arm64	3.14.4-1ubuntu0.2
libpython3.14-stdlib:arm64	3.14.4-1ubuntu0.2
libqaccessibilityclient-qt6-0:arm64	0.6.0-4ubuntu1
libqaccessibilityclient-qt6-dev:arm64	0.6.0-4ubuntu1
libqalculate-data	5.9.0-1
libqalculate23:arm64	5.9.0-1
libqca-qt6-2:arm64	2.3.10-2
libqcoro6core0t64:arm64	0.13.0-1ubuntu2
libqcoro6dbus0t64:arm64	0.13.0-1ubuntu2
libqcoro6qml0t64:arm64	0.13.0-1ubuntu2
libqhull-r8.0:arm64	2020.2-8
libqmobipocket6-3:arm64	4:25.12.3-0ubuntu1
libqrencode4:arm64	4.1.1-2build1
libqt5core5t64:arm64	5.15.18+dfsg-1ubuntu1
libqt5dbus5t64:arm64	5.15.18+dfsg-1ubuntu1
libqt5feedback5:arm64	5.0~git20180903.a14bd0b-7
libqt5gui5t64:arm64	5.15.18+dfsg-1ubuntu1
libqt5multimedia5:arm64	5.15.18-1
libqt5network5t64:arm64	5.15.18+dfsg-1ubuntu1
libqt5opengl5t64:arm64	5.15.18+dfsg-1ubuntu1
libqt5qml5:arm64	5.15.18+dfsg-2
libqt5qmlmodels5:arm64	5.15.18+dfsg-2
libqt5qmlworkerscript5:arm64	5.15.18+dfsg-2
libqt5quick5:arm64	5.15.18+dfsg-2
libqt5quickcontrols2-5:arm64	5.15.18+dfsg-1
libqt5quicktemplates2-5:arm64	5.15.18+dfsg-1
libqt5svg5:arm64	5.15.18-1
libqt5test5t64:arm64	5.15.18+dfsg-1ubuntu1
libqt5waylandclient5:arm64	5.15.18-1
libqt5waylandcompositor5:arm64	5.15.18-1
libqt5widgets5t64:arm64	5.15.18+dfsg-1ubuntu1
libqt6concurrent6:arm64	6.10.2+dfsg-7
libqt6core5compat6:arm64	6.10.2-1
libqt6core6t64:arm64	6.10.2+dfsg-7
libqt6dbus6:arm64	6.10.2+dfsg-7
libqt6designer6:arm64	6.10.2-1
libqt6designercomponents6:arm64	6.10.2-1
libqt6gui6:arm64	6.10.2+dfsg-7
libqt6help6:arm64	6.10.2-1
libqt6labsplatform6:arm64	6.10.2+dfsg-3
libqt6labssynchronizer6:arm64	6.10.2+dfsg-3
libqt6multimedia6:arm64	6.10.2-2
libqt6multimediawidgets6:arm64	6.10.2-2
libqt6network6:arm64	6.10.2+dfsg-7
libqt6opengl6:arm64	6.10.2+dfsg-7
libqt6openglwidgets6:arm64	6.10.2+dfsg-7
libqt6positioning6:arm64	6.10.2-1
libqt6positioning6-plugins:arm64	6.10.2-1
libqt6positioningquick6:arm64	6.10.2-1
libqt6printsupport6:arm64	6.10.2+dfsg-7
libqt6qml6:arm64	6.10.2+dfsg-3
libqt6qmlcompiler6:arm64	6.10.2+dfsg-3
libqt6qmlmeta6:arm64	6.10.2+dfsg-3
libqt6qmlmodels6:arm64	6.10.2+dfsg-3
libqt6qmlnetwork6:arm64	6.10.2+dfsg-3
libqt6qmlworkerscript6:arm64	6.10.2+dfsg-3
libqt6quick6:arm64	6.10.2+dfsg-3
libqt6quickcontrols2-6:arm64	6.10.2+dfsg-3
libqt6quickshapes6:arm64	6.10.2+dfsg-3
libqt6quickshapesdesignhelpers6:arm64	6.10.2+dfsg-3
libqt6quicktemplates2-6:arm64	6.10.2+dfsg-3
libqt6quicktest6:arm64	6.10.2+dfsg-3
libqt6quickvectorimage6:arm64	6.10.2+dfsg-3
libqt6quickvectorimagegenerator6:arm64	6.10.2+dfsg-3
libqt6quickvectorimagehelpers6:arm64	6.10.2+dfsg-3
libqt6quickwidgets6:arm64	6.10.2+dfsg-3
libqt6sensors6:arm64	6.10.2-1
libqt6serialport6:arm64	6.10.2-1
libqt6shadertools6:arm64	6.10.2-1
libqt6sql6:arm64	6.10.2+dfsg-7
libqt6sql6-sqlite:arm64	6.10.2+dfsg-7
libqt6svg6:arm64	6.10.2-2
libqt6svgwidgets6:arm64	6.10.2-2
libqt6test6:arm64	6.10.2+dfsg-7
libqt6texttospeech6:arm64	6.10.2-1
libqt6uitools6:arm64	6.10.2-1
libqt6virtualkeyboard6:arm64	6.10.2+dfsg-1
libqt6waylandclient6:arm64	6.10.2+dfsg-7
libqt6waylandcompositor6:arm64	6.10.2-4
libqt6waylandcompositoriviapplication6:arm64	6.10.2-4
libqt6waylandcompositorpresentationtime6:arm64	6.10.2-4
libqt6waylandcompositorwlshell6:arm64	6.10.2-4
libqt6waylandcompositorxdgshell6:arm64	6.10.2-4
libqt6webchannel6:arm64	6.10.2-1
libqt6webengine6-data	6.10.2+dfsg-1
libqt6webenginecore6:arm64	6.10.2+dfsg-1
libqt6webenginecore6-bin	6.10.2+dfsg-1
libqt6webenginewidgets6:arm64	6.10.2+dfsg-1
libqt6widgets6:arm64	6.10.2+dfsg-7
libqt6wlshellintegration6:arm64	6.10.2+dfsg-7
libqt6xml6:arm64	6.10.2+dfsg-7
libquickcharts1:arm64	6.24.0-0ubuntu1
libquickchartscontrols1:arm64	6.24.0-0ubuntu1
librabbitmq4:arm64	0.15.0-1ubuntu0.26.04.2
libraptor2-0:arm64	2.0.16-6build1
librav1e0.8:arm64	0.8.1-7
libraw1394-11:arm64	2.1.2-2build4
libraw1394-dev:arm64	2.1.2-2build4
librdmacm1t64:arm64	61.0-2ubuntu3
libre2-11:arm64	20250805-1build3
libreadline8t64:arm64	8.3-4
libregexp-wildcards-perl	1.05-3
libresid-builder0c2a:arm64	2.1.1-16build1
librhash1:arm64	1.4.6-1.1
librime-bin	1.16.1+dfsg1-1build1
librime-dev	1.16.1+dfsg1-1build1
librime1t64:arm64	1.16.1+dfsg1-1build1
librist4:arm64	0.2.11+dfsg-1build1
libroc0.4:arm64	0.4.0+dfsg-5ubuntu3.1
librole-tiny-perl	2.002004-1
librsvg2-2:arm64	2.61.3+dfsg-3
librtmp1:arm64	2.4+20151223.gitfa8646d.1-3
librttopo1:arm64	1.1.0-4build1
librubberband3:arm64	4.0.0+dfsg-2ubuntu1
libsamplerate0:arm64	0.2.2-4build2
libsasl2-2:arm64	2.1.28+dfsg1-9ubuntu3
libsasl2-modules-db:arm64	2.1.28+dfsg1-9ubuntu3
libsbc1:arm64	2.1-1build1
libsdl3-0:arm64	3.4.2+ds-1ubuntu1
libseccomp-dev:arm64	2.6.0-2ubuntu5
libseccomp2:arm64	2.6.0-2ubuntu5
libsecret-1-0:arm64	0.21.7-2build1
libsecret-common	0.21.7-2build1
libselinux-dev:arm64	3.9-4build1
libselinux1:arm64	3.9-4build1
libsemanage-common	3.9-1build1
libsemanage2:arm64	3.9-1build1
libsensors-config	1:3.6.2-2build1
libsensors5:arm64	1:3.6.2-2build1
libsepol-dev:arm64	3.9-2
libsepol2:arm64	3.9-2
libserd-0-0:arm64	0.32.6-1
libsereal-decoder-perl	5.004+ds-1build5
libsereal-encoder-perl	5.004+ds-1build4
libsframe3:arm64	2.46-3ubuntu2
libsharpyuv-dev:arm64	1.5.0-0.1build1
libsharpyuv0:arm64	1.5.0-0.1build1
libshine3:arm64	3.1.1-3build1
libshout3:arm64	2.4.6-1build3
libsidplay1v5:arm64	1.36.60-1build2
libsidplay2:arm64	2.1.1-16build1
libsignon-qt6-1:arm64	8.61+git20231015.c8ad982-8
libsixel1:arm64	1.10.5-1build1
libslang2:arm64	2.3.3-5build1
libsm-dev:arm64	2:1.2.6-1build1
libsm6:arm64	2:1.2.6-1build1
libsmartcols1:arm64	2.41.3-3ubuntu2.2
libsmbclient0:arm64	2:4.23.6+dfsg-1ubuntu2.2
libsnapd-glib-2-1:arm64	1.72-0ubuntu3
libsnappy1v5:arm64	1.2.2-2
libsndfile1:arm64	1.2.2-4
libsndio7.0:arm64	1.10.0-0.2
libsocket++1:arm64	1.12.13+git20131030.5d039ba-2
libsodium23:arm64	1.0.18-2
libsord-0-0:arm64	0.16.20-1
libsort-versions-perl	1.62-3
libsoundtouch1:arm64	2.4.0+ds-1build1
libsoup-3.0-0:arm64	3.6.6-1
libsoup-3.0-common	3.6.6-1
libsource-highlight-common	3.1.9-4.3build2
libsource-highlight4t64:arm64	3.1.9-4.3build2
libsoxr0:arm64	0.1.3-4.1
libspa-0.2-dev:arm64	1.6.2-1ubuntu1.2
libspa-0.2-modules:arm64	1.6.2-1ubuntu1.2
libspandsp2t64:arm64	0.0.6+dfsg-2.2build2
libspatialaudio0t64:arm64	0.3.0+git20180730+dfsg1-3
libspatialite8t64:arm64	5.1.0-3ubuntu2
libspectre1:arm64	0.2.12-2
libspeex1:arm64	1.2.1-3build1
libspeexdsp1:arm64	1.2.1-3build1
libsqlite3-0:arm64	3.46.1-9ubuntu0.2
libsquashfuse0:arm64	0.5.2-0.3
libsratom-0-0:arm64	0.6.20-1
libsrt1.5-gnutls:arm64	1.5.4-3
libsrtp2-1:arm64	2.7.0-3build1
libss2:arm64	1.47.2-3ubuntu4
libssh-4:arm64	0.11.3-1ubuntu2.1
libssh2-1t64:arm64	1.11.1-1ubuntu0.26.04.4
libssl3t64:arm64	3.5.5-1ubuntu3.5
libstd-rust-1.93:arm64	1.93.1+dfsg-0ubuntu6
libstd-rust-1.93-dev:arm64	1.93.1+dfsg-0ubuntu6
libstdc++-15-dev:arm64	15.2.0-16ubuntu1
libstdc++6:arm64	16-20260322-1ubuntu1
libstemmer0d:arm64	3.0.1-1
libstoken1t64:arm64	0.93-1
libstrictures-perl	2.000006-1build1
libsub-exporter-perl	0.990-1
libsub-exporter-progressive-perl	0.001013-3
libsub-identify-perl	0.14-4
libsub-install-perl	0.929-1
libsub-name-perl:arm64	0.28-1
libsub-quote-perl	2.006009-1ubuntu1
libsuperlu7:arm64	7.0.1+dfsg1-2build1
libsvtav1enc2:arm64	2.3.0+dfsg-1build1
libswresample-dev:arm64	7:8.0.1-3ubuntu2
libswresample6:arm64	7:8.0.1-3ubuntu2
libswscale-dev:arm64	7:8.0.1-3ubuntu2
libswscale9:arm64	7:8.0.1-3ubuntu2
libsyntax-keyword-try-perl	0.31-1
libsysprof-capture-4-dev:arm64	50.0-1
libsystemd-dev:arm64	259.5-0ubuntu3.4
libsystemd-shared:arm64	259.5-0ubuntu3.4
libsystemd0:arm64	259.5-0ubuntu3.4
libsz2:arm64	1.1.5-1
libtag2:arm64	2.2.1-3
libtalloc2:arm64	2:2.4.3+samba4.23.6+dfsg-1ubuntu2.2
libtaskmanager6	4:6.6.6-0ubuntu0.1
libtasn1-6:arm64	4.21.0-2
libtbb-dev:arm64	2022.3.0-2
libtbb12:arm64	2022.3.0-2
libtbbbind-2-5:arm64	2022.3.0-2
libtbbmalloc2:arm64	2022.3.0-2
libtdb1:arm64	2:1.4.14+samba4.23.6+dfsg-1ubuntu2.2
libteamdctl0:arm64	1.31-1build4
libtensorflow-lite2.14.1:arm64	2.14.1+dfsg-3build1
libterm-readkey-perl	2.38-2build5
libtesseract5:arm64	5.5.0-1build1
libtevent0t64:arm64	2:0.17.1+samba4.23.6+dfsg-1ubuntu2.2
libtext-charwidth-perl:arm64	0.04-11build4
libtext-glob-perl	0.11-3
libtext-iconv-perl:arm64	1.7-8.1
libtext-levenshteinxs-perl	0.03-5build5
libtext-markdown-discount-perl	0.18-1
libtext-wrapi18n-perl	0.06-10
libtext-xslate-perl:arm64	3.5.9-2build1
libthai-data	0.1.30-1
libthai-dev:arm64	0.1.30-1
libthai0:arm64	0.1.30-1
libtheora1:arm64	1.2.0+dfsg-6
libtheoradec2:arm64	1.2.0+dfsg-6
libtheoraenc2:arm64	1.2.0+dfsg-6
libtiff-dev:arm64	4.7.0-3ubuntu5
libtiff6:arm64	4.7.0-3ubuntu5
libtiffxx6:arm64	4.7.0-3ubuntu5
libtime-duration-perl	1.21-2
libtime-moment-perl	0.46-1
libtimedate-perl	2.3300-2
libtinfo6:arm64	6.6+20251231-1
libtinyxml2.6.2v5:arm64	2.6.2-7build1
libtirpc-common	1.3.7-0.1
libtirpc3t64:arm64	1.3.7-0.1
libtomcrypt1:arm64	1.18.2+dfsg-7build2
libtommath1:arm64	1.3.0-1build1
libtool	2.5.4-9
libtry-tiny-perl	0.32-1
libts0t64:arm64	1.22-1.1build2
libtsan2:arm64	16-20260322-1ubuntu1
libtss2-esys-3.0.2-0t64:arm64	4.1.3-6
libtss2-mu-4.0.1-0t64:arm64	4.1.3-6
libtss2-sys1t64:arm64	4.1.3-6
libtss2-tcti-cmd0t64:arm64	4.1.3-6
libtss2-tcti-device0t64:arm64	4.1.3-6
libtss2-tcti-libtpms0t64:arm64	4.1.3-6
libtss2-tcti-mssim0t64:arm64	4.1.3-6
libtss2-tcti-spi-helper0t64:arm64	4.1.3-6
libtss2-tcti-swtpm0t64:arm64	4.1.3-6
libtss2-tctildr0t64:arm64	4.1.3-6
libtwolame0:arm64	0.4.0-2build4
libubsan1:arm64	16-20260322-1ubuntu1
libucc1:arm64	1.7.0~rc1-1
libuchardet0:arm64	0.0.8-2
libucx0:arm64	1.20.0+ds-4ubuntu2
libudev-dev:arm64	259.5-0ubuntu3.4
libudev1:arm64	259.5-0ubuntu3.4
libudfread3:arm64	1.2.0-2
libudisks2-0:arm64	2.10.91-1ubuntu2.1
libunibreak6:arm64	6.1-3build1
libunicode-utf8-perl	0.63-1
libunistring5:arm64	1.3-2build1
libupnp17t64:arm64	1:1.14.25-1ubuntu1
libupower-glib3:arm64	1.91.1-1
liburi-perl	5.34-2build1
liburiparser1:arm64	0.9.8+dfsg-2build1
libusb-1.0-0:arm64	2:1.0.29-2build1
libusbmuxd-2.0-7:arm64	2.1.1-1
libuuid1:arm64	2.41.3-3ubuntu2.2
libuv1t64:arm64	1.51.0-2ubuntu1
libv4l-0t64:arm64	1.32.0-2ubuntu1
libv4lconvert0t64:arm64	1.32.0-2ubuntu1
libva-drm2:arm64	2.23.0-1ubuntu1
libva-wayland2:arm64	2.23.0-1ubuntu1
libva-x11-2:arm64	2.23.0-1ubuntu1
libva2:arm64	2.23.0-1ubuntu1
libvariable-magic-perl	0.64-1build1
libvdpau1:arm64	1.5-4
libvidstab1.1:arm64	1.1.0-2.1
libvisual-0.4-0:arm64	0.4.2-4
libvlc5:arm64	3.0.23-1
libvlccore9:arm64	3.0.23-1
libvo-aacenc0:arm64	0.1.3-3build1
libvo-amrwbenc0:arm64	0.1.3-2build2
libvolume-key1:arm64	0.3.12-10build2
libvorbis0a:arm64	1.3.7-3build2
libvorbisenc2:arm64	1.3.7-3build2
libvorbisfile3:arm64	1.3.7-3build2
libvpx-dev:arm64	1.16.0-3
libvpx12:arm64	1.16.0-3
libvtk9.5:arm64	9.5.2+dfsg4-3ubuntu1
libvulkan-dev:arm64	1.4.341.0-1
libvulkan1:arm64	1.4.341.0-1
libwacom-common	2.18.0-1
libwacom-dev:arm64	2.18.0-1
libwacom9:arm64	2.18.0-1
libwavpack1:arm64	5.9.0-1
libwayland-bin	1.24.0-2
libwayland-client0:arm64	1.24.0-2
libwayland-cursor0:arm64	1.24.0-2
libwayland-dev:arm64	1.24.0-2
libwayland-egl-backend-dev:arm64	1.24.0-2
libwayland-egl1:arm64	1.24.0-2
libwayland-server0:arm64	1.24.0-2
libwbclient0:arm64	2:4.23.6+dfsg-1ubuntu2.2
libweather-ion7:arm64	4:6.6.4-0ubuntu1
libwebp-dev:arm64	1.5.0-0.1build1
libwebp7:arm64	1.5.0-0.1build1
libwebpdecoder3:arm64	1.5.0-0.1build1
libwebpdemux2:arm64	1.5.0-0.1build1
libwebpmux3:arm64	1.5.0-0.1build1
libwebrtc-audio-processing-1-3:arm64	1.3-3build2
libwildmidi2:arm64	0.4.6-1
libwireplumber-0.5-0:arm64	0.5.13-1ubuntu1
libwrap0:arm64	7.6.q-36build2
libwww-mechanize-perl	2.20-1ubuntu1
libwww-perl	6.81-1ubuntu0.1
libwww-robotrules-perl	6.02-1build1
libx11-6:arm64	2:1.8.13-1
libx11-data	2:1.8.13-1
libx11-dev:arm64	2:1.8.13-1
libx11-xcb-dev:arm64	2:1.8.13-1
libx11-xcb1:arm64	2:1.8.13-1
libx264-165:arm64	2:0.165.3222+gitb35605ac-3build1
libx264-dev:arm64	2:0.165.3222+gitb35605ac-3build1
libx265-215:arm64	4.1-4
libx265-dev:arm64	4.1-4
libxau-dev:arm64	1:1.0.11-1build2
libxau6:arm64	1:1.0.11-1build2
libxaw7:arm64	2:1.0.16-1build1
libxcb-composite0:arm64	1.17.0-2ubuntu1
libxcb-composite0-dev:arm64	1.17.0-2ubuntu1
libxcb-cursor-dev:arm64	0.1.6-1
libxcb-cursor0:arm64	0.1.6-1
libxcb-damage0:arm64	1.17.0-2ubuntu1
libxcb-damage0-dev:arm64	1.17.0-2ubuntu1
libxcb-dpms0:arm64	1.17.0-2ubuntu1
libxcb-dri3-0:arm64	1.17.0-2ubuntu1
libxcb-dri3-dev:arm64	1.17.0-2ubuntu1
libxcb-glx0:arm64	1.17.0-2ubuntu1
libxcb-glx0-dev:arm64	1.17.0-2ubuntu1
libxcb-icccm4:arm64	0.4.2-1build1
libxcb-icccm4-dev:arm64	0.4.2-1build1
libxcb-image0:arm64	0.4.0-2build2
libxcb-image0-dev:arm64	0.4.0-2build2
libxcb-keysyms1:arm64	0.4.1-1build1
libxcb-keysyms1-dev:arm64	0.4.1-1build1
libxcb-present-dev:arm64	1.17.0-2ubuntu1
libxcb-present0:arm64	1.17.0-2ubuntu1
libxcb-randr0:arm64	1.17.0-2ubuntu1
libxcb-randr0-dev:arm64	1.17.0-2ubuntu1
libxcb-record0:arm64	1.17.0-2ubuntu1
libxcb-render-util0:arm64	0.3.10-1build1
libxcb-render-util0-dev:arm64	0.3.10-1build1
libxcb-render0:arm64	1.17.0-2ubuntu1
libxcb-render0-dev:arm64	1.17.0-2ubuntu1
libxcb-res0:arm64	1.17.0-2ubuntu1
libxcb-res0-dev:arm64	1.17.0-2ubuntu1
libxcb-shape0:arm64	1.17.0-2ubuntu1
libxcb-shape0-dev:arm64	1.17.0-2ubuntu1
libxcb-shm0:arm64	1.17.0-2ubuntu1
libxcb-shm0-dev:arm64	1.17.0-2ubuntu1
libxcb-sync-dev:arm64	1.17.0-2ubuntu1
libxcb-sync1:arm64	1.17.0-2ubuntu1
libxcb-util-dev:arm64	0.4.1-1build1
libxcb-util1:arm64	0.4.1-1build1
libxcb-xfixes0:arm64	1.17.0-2ubuntu1
libxcb-xfixes0-dev:arm64	1.17.0-2ubuntu1
libxcb-xinerama0:arm64	1.17.0-2ubuntu1
libxcb-xinerama0-dev:arm64	1.17.0-2ubuntu1
libxcb-xinput-dev:arm64	1.17.0-2ubuntu1
libxcb-xinput0:arm64	1.17.0-2ubuntu1
libxcb-xkb-dev:arm64	1.17.0-2ubuntu1
libxcb-xkb1:arm64	1.17.0-2ubuntu1
libxcb-xtest0:arm64	1.17.0-2ubuntu1
libxcb-xtest0-dev:arm64	1.17.0-2ubuntu1
libxcb-xv0:arm64	1.17.0-2ubuntu1
libxcb1:arm64	1.17.0-2ubuntu1
libxcb1-dev:arm64	1.17.0-2ubuntu1
libxcomposite-dev:arm64	1:0.4.6-1build1
libxcomposite1:arm64	1:0.4.6-1build1
libxcursor-dev:arm64	1:1.2.3-1build1
libxcursor1:arm64	1:1.2.3-1build1
libxcvt-dev:arm64	0.1.3-1build1
libxcvt0:arm64	0.1.3-1build1
libxdamage-dev:arm64	1:1.1.7-1
libxdamage1:arm64	1:1.1.7-1
libxdgutilsbasedir1.0.1:arm64	1.0.1-3.2
libxdgutilsdesktopentry1.0.1:arm64	1.0.1-3.2
libxdmcp-dev:arm64	1:1.1.5-2
libxdmcp6:arm64	1:1.1.5-2
libxerces-c3.2t64:arm64	3.2.4+debian-1.3build2
libxext-dev:arm64	2:1.3.4-1build3
libxext6:arm64	2:1.3.4-1build3
libxfixes-dev:arm64	1:6.0.0-2build2
libxfixes3:arm64	1:6.0.0-2build2
libxfont2:arm64	1:2.0.6-2ubuntu0.2
libxft-dev:arm64	2.3.6-1build2
libxft2:arm64	2.3.6-1build2
libxi-dev:arm64	2:1.8.2-2
libxi6:arm64	2:1.8.2-2
libxinerama-dev:arm64	2:1.1.4-3build2
libxinerama1:arm64	2:1.1.4-3build2
libxkbcommon-dev:arm64	1.13.1-1
libxkbcommon-x11-0:arm64	1.13.1-1
libxkbcommon-x11-dev:arm64	1.13.1-1
libxkbcommon0:arm64	1.13.1-1
libxkbfile1:arm64	1:1.1.0-1build5
libxml-libxml-perl	2.0207+dfsg+really+2.0207-0ubuntu7
libxml-namespacesupport-perl	1.12-2
libxml-sax-base-perl	1.09-3
libxml-sax-perl	1.02+dfsg-4
libxml2-16:arm64	2.15.2+dfsg-0.1ubuntu0.2
libxml2-utils	2.15.2+dfsg-0.1ubuntu0.2
libxmlb2:arm64	0.3.24-2
libxmlsec1-1:arm64	1.3.9-1
libxmlsec1-openssl1:arm64	1.3.9-1
libxmu6:arm64	2:1.1.3-4
libxmuu1:arm64	2:1.1.3-4
libxnnpack0.20241108:arm64	0.0~git20241108.4ea82e5-2build1
libxnvctrl0:arm64	510.47.03-0ubuntu7
libxpm4:arm64	1:3.5.17-1ubuntu0.26.04.1
libxpresent1:arm64	1.0.1-1build1
libxrandr-dev:arm64	2:1.5.4-1build1
libxrandr2:arm64	2:1.5.4-1build1
libxrender-dev:arm64	1:0.9.12-1build1
libxrender1:arm64	1:0.9.12-1build1
libxres1:arm64	2:1.2.1-1build2
libxs-parse-keyword-perl	0.49-1
libxshmfence-dev:arm64	1.3.3-1build1
libxshmfence1:arm64	1.3.3-1build1
libxslt1.1:arm64	1.1.45-0.1
libxss1:arm64	1:1.2.3-1build4
libxt6t64:arm64	1:1.2.1-1.3build1
libxtables12:arm64	1.8.11-2ubuntu3
libxtst6:arm64	2:1.2.5-1build1
libxv1:arm64	2:1.0.13-1
libxvidcore4:arm64	2:1.3.7-3
libxxf86dga1:arm64	2:1.1.5-1build2
libxxf86vm-dev:arm64	1:1.1.4-2
libxxf86vm1:arm64	1:1.1.4-2
libxxhash0:arm64	0.8.3-2build1
libyajl2:arm64	2.1.0-5.1
libyaml-0-2:arm64	0.2.5-2build3
libyaml-cpp0.8:arm64	0.8.0+dfsg-9
libyaml-libyaml-perl	0.904.0+ds-1
libyuv-dev:arm64	0.0.1922.20260106-1
libyuv0:arm64	0.0.1922.20260106-1
libzbar0t64:arm64	0.23.93-9ubuntu1
libzfp1t64:arm64	1.0.1-4build5
libzimg2:arm64	3.0.6+ds1-1
libzip5:arm64	1.11.4-2
libzix-0-0:arm64	0.8.0-1
libzmq5:arm64	4.3.5-1build3
libzstd-dev:arm64	1.5.7+dfsg-3
libzstd1:arm64	1.5.7+dfsg-3
libzvbi-common	0.2.44-1ubuntu2
libzvbi0t64:arm64	0.2.44-1ubuntu2
libzxing3:arm64	2.3.0-5
linguist-qt6	6.10.2-1
lintian	2.129.0ubuntu2.1
linux-base	4.15ubuntu5
linux-libc-dev:arm64	7.0.0-34.34
locales	2.43-2ubuntu2.4
login	1:4.16.0-2+really2.41.3-3ubuntu2.2
login.defs	1:4.17.4-2ubuntu3
logsave	1.47.2-3ubuntu4
lsb-release	12.1-2build1
lto-disabled-list	79
lxd-agent-loader	0.13ubuntu0
lxd-installer	14ubuntu0
lzip	1.26~rc1-2
lzop	1.04-2build4
m4	1.4.21-1
make	4.4.1-3
maliit-framework	2.3.0-8.1
maliit-inputcontext-qt5	2.3.0-8.1
maliit-keyboard	2.3.1-6build1
maliit-server-qt5	2.3.0-8.1
man-db	2.13.1-1build1
mawk	1.3.4.20260129-1
media-types	14.0.0build1
mesa-libgallium:arm64	26.3.0~devel20260824+moto1
mesa-vulkan-drivers:arm64	26.3.0~devel20260824+moto1
meson	1.10.1-1ubuntu2
milou	4:6.6.4-0ubuntu1
mobile-broadband-provider-info	20251101-1build1
mokutil	0.7.2-2
mount	2.41.3-3ubuntu2.2
mysql-common	5.8+1.1.1ubuntu2
native-architecture	0.2.6build1
ncurses-base	6.6+20251231-1
ncurses-bin	6.6+20251231-1
netbase	6.5build1
netcat-openbsd	1.234-1
netplan-generator	1.2-1ubuntu5
netplan.io	1.2-1ubuntu5
network-manager	1.54.3-2ubuntu3
ninja-build	1.13.2-1
ocl-icd-libopencl1:arm64	2.3.4-1
okular	4:25.12.3-0ubuntu1
okular-data	4:25.12.3-0ubuntu1
openssh-client	1:10.2p1-2ubuntu3.6
openssh-server	1:10.2p1-2ubuntu3.6
openssh-sftp-server	1:10.2p1-2ubuntu3.6
openssl	3.5.5-1ubuntu3.5
openssl-provider-legacy	3.5.5-1ubuntu3.5
pango1.0-tools	1.57.0-1
parted	3.6-6
passwd	1:4.17.4-2ubuntu3
patch	2.8-2build1
patchutils	0.4.3-1ubuntu1
pci.ids	0.0~2026.02.12-1
pciutils	1:3.14.0-1build2
perl	5.40.1-7ubuntu0.3
perl-base	5.40.1-7ubuntu0.3
perl-modules-5.40	5.40.1-7ubuntu0.3
perl-openssl-defaults:arm64	7build4
phonon-backend-vlc-common	0.12.0-3build5
phonon4qt6:arm64	4:4.12.0-7
phonon4qt6-backend-vlc:arm64	0.12.0-3build5
pinentry-curses	1.3.2-3ubuntu1
pipewire:arm64	1.6.2-1ubuntu1.2
pipewire-bin	1.6.2-1ubuntu1.2
pkg-config:arm64	2.5.1-4
pkg-kde-tools	0.19.1ubuntu2
pkgconf:arm64	2.5.1-4
pkgconf-bin	2.5.1-4
plasma-desktoptheme	6.6.6-0ubuntu0.1
plasma-integration	6.6.5-0ubuntu0.1
plasma-keyboard	6.6.6-0ubuntu0.1
plasma-mobile	6.6.5-0ubuntu0.1
plasma-mobile-tweaks	6.6.5-0ubuntu0.1
plasma-nano	6.6.4-0ubuntu1
plasma-nm	4:6.6.6-0ubuntu0.1
plasma-pa	4:6.6.5-0ubuntu0.1
plasma-settings	25.12.0-1
plasma-wayland-protocols	1.20.0-2
plasma-workspace	4:6.6.6-0ubuntu0.1
plasma-workspace-data	4:6.6.6-0ubuntu0.1
pnp.ids	0.394-1build1
po-debconf	1.0.22
polkit-kde-agent-1	4:6.6.4-0ubuntu1
polkitd	127-2ubuntu1.1
poppler-data	0.4.12-1build1
powerdevil	4:6.6.6-0ubuntu0.1
powerdevil-data	4:6.6.6-0ubuntu0.1
procps	2:4.0.4-9ubuntu1
proj-data	9.7.1-1
psmisc	23.7-2ubuntu2
pulseaudio	1:17.0+dfsg1-2ubuntu4
pulseaudio-utils	1:17.0+dfsg1-2ubuntu4
python-apt-common	3.1.0ubuntu1.1
python3	3.14.3-0ubuntu2
python3-apport	2.34.1-0ubuntu0.1
python3-apt	3.1.0ubuntu1.1
python3-attr	25.4.0-1build1
python3-autocommand	2.2.2-4
python3-bcrypt	5.0.0-3build1
python3-blinker	1.9.0-2build1
python3-certifi	2026.1.4+ds-1
python3-cffi-backend:arm64	2.0.0-3build1
python3-chardet	5.2.0+dfsg-2build1
python3-click	8.2.0+0.really.8.1.8-1build1
python3-configobj	5.0.9-1build1
python3-cryptography	46.0.5-1ubuntu2
python3-dbus	1.4.0-1build2
python3-debconf	1.5.92
python3-debian	1.0.1ubuntu2
python3-distro	1.9.0-1build1
python3-distro-info	1.15
python3-distupgrade	1:26.04.23
python3-gi	3.56.2-1
python3-httplib2	0.22.0-1ubuntu0.1
python3-idna	3.11-1ubuntu0.1
python3-inflect	7.5.0-1build1
python3-jaraco.context	6.0.1-2
python3-jaraco.functools	4.1.0-1build1
python3-jaraco.text	4.0.0-1build1
python3-jinja2	3.1.6-1build1
python3-json-pointer	2.4-4
python3-jsonpatch	1.32-6
python3-jsonschema	4.19.2-6ubuntu2
python3-jsonschema-specifications	2023.12.1-4
python3-jwt	2.10.1-4ubuntu1
python3-launchpadlib	2.1.0-1build1
python3-lazr.restfulclient	0.14.6-3build1
python3-lazr.uri	1.0.6-7build1
python3-mako	1.3.10-3ubuntu0.1
python3-markupsafe	3.0.3-1build1
python3-minimal	3.14.3-0ubuntu2
python3-more-itertools	10.8.0-1build1
python3-netplan	1.2-1ubuntu5
python3-oauthlib	3.3.1-1build1
python3-packaging	26.0-1
python3-passlib	1.9.3-1ubuntu1
python3-pkg-resources	78.1.1-0.1build1
python3-problem-report	2.34.1-0ubuntu0.1
python3-pyparsing	3.3.2-2
python3-referencing	0.36.2-1ubuntu2
python3-requests	2.32.5+dfsg-1ubuntu1
python3-rpds-py	0.27.1-2ubuntu3
python3-serial	3.5-2build1
python3-setuptools	78.1.1-0.1build1
python3-typeguard	4.4.4-2
python3-typing-extensions	4.15.0-2
python3-update-manager	1:26.04.5
python3-urllib3	2.6.3-1ubuntu1.1
python3-wadllib	2.0.0-3
python3-xkit	0.5.0ubuntu8
python3-yaml	6.0.3-1build1
python3-zipp	3.23.0-1build1
python3.14	3.14.4-1ubuntu0.2
python3.14-minimal	3.14.4-1ubuntu0.2
qdbus-qt6	6.10.2-1
qdoc-qt6	6.10.2-1
qmake6:arm64	6.10.2+dfsg-7
qmake6-bin	6.10.2+dfsg-7
qml-module-qtgraphicaleffects:arm64	5.15.18-1
qml-module-qtquick-controls2:arm64	5.15.18+dfsg-1
qml-module-qtquick-layouts:arm64	5.15.18+dfsg-2
qml-module-qtquick-templates2:arm64	5.15.18+dfsg-1
qml-module-qtquick-window2:arm64	5.15.18+dfsg-2
qml-module-qtquick2:arm64	5.15.18+dfsg-2
qml6-module-org-kde-activities:arm64	6.6.4-0ubuntu1
qml6-module-org-kde-bluezqt:arm64	6.24.0-0ubuntu1
qml6-module-org-kde-breeze	6.6.5-0ubuntu0.1
qml6-module-org-kde-config:arm64	6.24.0-0ubuntu1
qml6-module-org-kde-coreaddons:arm64	6.24.0-0ubuntu1
qml6-module-org-kde-desktop	6.24.0-0ubuntu1
qml6-module-org-kde-draganddrop:arm64	6.24.0-0ubuntu1
qml6-module-org-kde-graphicaleffects:arm64	6.24.0-0ubuntu1
qml6-module-org-kde-guiaddons:arm64	6.24.0-0ubuntu1.1
qml6-module-org-kde-i18n-localedata:arm64	6.24.0-0ubuntu1
qml6-module-org-kde-iconthemes:arm64	6.24.0-0ubuntu2
qml6-module-org-kde-kcmutils:arm64	6.24.0-0ubuntu1
qml6-module-org-kde-kholidays:arm64	6.24.0-0ubuntu1
qml6-module-org-kde-ki18n:arm64	6.24.0-0ubuntu1
qml6-module-org-kde-kirigami:arm64	6.24.0-0ubuntu1
qml6-module-org-kde-kirigamiaddons-components:arm64	1.11.0-2ubuntu2
qml6-module-org-kde-kirigamiaddons-datetime:arm64	1.11.0-2ubuntu2
qml6-module-org-kde-kirigamiaddons-delegates:arm64	1.11.0-2ubuntu2
qml6-module-org-kde-kirigamiaddons-formcard:arm64	1.11.0-2ubuntu2
qml6-module-org-kde-kirigamiaddons-labs-components:arm64	1.11.0-2ubuntu2
qml6-module-org-kde-kirigamiaddons-settings:arm64	1.11.0-2ubuntu2
qml6-module-org-kde-kirigamiaddons-sounds:arm64	1.11.0-2ubuntu2
qml6-module-org-kde-kirigamiaddons-statefulapp:arm64	1.11.0-2ubuntu2
qml6-module-org-kde-kirigamiaddons-tableview:arm64	1.11.0-2ubuntu2
qml6-module-org-kde-kirigamiaddons-treeview:arm64	1.11.0-2ubuntu2
qml6-module-org-kde-kitemmodels:arm64	6.24.0-0ubuntu1
qml6-module-org-kde-kquickcontrols:arm64	6.24.0-0ubuntu1
qml6-module-org-kde-kquickcontrolsaddons:arm64	6.24.0-0ubuntu1
qml6-module-org-kde-ksvg	6.24.0-0ubuntu1
qml6-module-org-kde-ksysguard	4:6.6.5-0ubuntu0.1
qml6-module-org-kde-kwindowsystem:arm64	6.24.0-0ubuntu1
qml6-module-org-kde-layershell:arm64	6.6.4-0ubuntu1
qml6-module-org-kde-networkmanager:arm64	6.24.0-0ubuntu1
qml6-module-org-kde-newstuff	6.24.0-0ubuntu1
qml6-module-org-kde-notifications:arm64	6.24.0-0ubuntu1
qml6-module-org-kde-pipewire:arm64	6.6.4-0ubuntu1
qml6-module-org-kde-plasma-plasma5support:arm64	4:6.6.4-0ubuntu1
qml6-module-org-kde-prison:arm64	6.24.0-0ubuntu1
qml6-module-org-kde-purpose:arm64	6.24.0-0ubuntu1
qml6-module-org-kde-quickcharts:arm64	6.24.0-0ubuntu1
qml6-module-org-kde-sonnet:arm64	6.24.0-0ubuntu1
qml6-module-org-kde-userfeedback:arm64	6.24.0-0ubuntu1
qml6-module-qml:arm64	6.10.2+dfsg-3
qml6-module-qmltime:arm64	6.10.2+dfsg-3
qml6-module-qt-labs-animation:arm64	6.10.2+dfsg-3
qml6-module-qt-labs-assetdownloader:arm64	6.10.2+dfsg-3
qml6-module-qt-labs-folderlistmodel:arm64	6.10.2+dfsg-3
qml6-module-qt-labs-platform:arm64	6.10.2+dfsg-3
qml6-module-qt-labs-qmlmodels:arm64	6.10.2+dfsg-3
qml6-module-qt-labs-settings:arm64	6.10.2+dfsg-3
qml6-module-qt-labs-sharedimage:arm64	6.10.2+dfsg-3
qml6-module-qt-labs-synchronizer:arm64	6.10.2+dfsg-3
qml6-module-qt-labs-wavefrontmesh:arm64	6.10.2+dfsg-3
qml6-module-qt5compat-graphicaleffects:arm64	6.10.2-1
qml6-module-qtcore:arm64	6.10.2+dfsg-3
qml6-module-qtmultimedia:arm64	6.10.2-2
qml6-module-qtnetwork:arm64	6.10.2+dfsg-3
qml6-module-qtpositioning:arm64	6.10.2-1
qml6-module-qtqml:arm64	6.10.2+dfsg-3
qml6-module-qtqml-models:arm64	6.10.2+dfsg-3
qml6-module-qtqml-workerscript:arm64	6.10.2+dfsg-3
qml6-module-qtqml-xmllistmodel:arm64	6.10.2+dfsg-3
qml6-module-qtquick:arm64	6.10.2+dfsg-3
qml6-module-qtquick-controls:arm64	6.10.2+dfsg-3
qml6-module-qtquick-dialogs:arm64	6.10.2+dfsg-3
qml6-module-qtquick-effects:arm64	6.10.2+dfsg-3
qml6-module-qtquick-layouts:arm64	6.10.2+dfsg-3
qml6-module-qtquick-localstorage:arm64	6.10.2+dfsg-3
qml6-module-qtquick-particles:arm64	6.10.2+dfsg-3
qml6-module-qtquick-shapes:arm64	6.10.2+dfsg-3
qml6-module-qtquick-shapes-designhelpers:arm64	6.10.2+dfsg-3
qml6-module-qtquick-templates:arm64	6.10.2+dfsg-3
qml6-module-qtquick-tooling:arm64	6.10.2+dfsg-3
qml6-module-qtquick-vectorimage:arm64	6.10.2+dfsg-3
qml6-module-qtquick-vectorimage-helpers:arm64	6.10.2+dfsg-3
qml6-module-qtquick-virtualkeyboard:arm64	6.10.2+dfsg-1
qml6-module-qtquick-window:arm64	6.10.2+dfsg-3
qml6-module-qtsensors:arm64	6.10.2-1
qml6-module-qttest:arm64	6.10.2+dfsg-3
qml6-module-qtwayland-client-texturesharing:arm64	6.10.2-4
qml6-module-qtwayland-compositor:arm64	6.10.2-4
qml6-module-sso-onlineaccounts:arm64	0.7+git20231028.05e79eb-7
qmlkonsole	25.12.3-0ubuntu1
qt5-image-formats-plugins:arm64	5.15.18-1
qt6-5compat-dev:arm64	6.10.2-1
qt6-base-dev:arm64	6.10.2+dfsg-7
qt6-base-dev-tools	6.10.2+dfsg-7
qt6-base-private-dev:arm64	6.10.2+dfsg-7
qt6-declarative-dev:arm64	6.10.2+dfsg-3
qt6-declarative-dev-tools	6.10.2+dfsg-3
qt6-declarative-private-dev:arm64	6.10.2+dfsg-3
qt6-documentation-tools	6.10.2-1
qt6-l10n-tools	6.10.2-1
qt6-qmllint-plugins:arm64	6.10.2+dfsg-3
qt6-qmlls-plugins:arm64	6.10.2+dfsg-3
qt6-qmltooling-plugins:arm64	6.10.2+dfsg-3
qt6-qpa-plugins:arm64	6.10.2+dfsg-7
qt6-sensors-dev:arm64	6.10.2-1
qt6-svg-dev:arm64	6.10.2-2
qt6-svg-plugins:arm64	6.10.2-2
qt6-tools-dev:arm64	6.10.2-1
qt6-tools-dev-tools	6.10.2-1
qt6-virtualkeyboard-dev:arm64	6.10.2+dfsg-1
qt6-virtualkeyboard-plugin:arm64	6.10.2+dfsg-1
qt6-wayland:arm64	6.10.2-4
qt6-wayland-dev:arm64	6.10.2-4
qtwayland5:arm64	5.15.18-1
readline-common	8.3-4
rime-data-luna-pinyin	0.0~git20260106.d7b4e52-1
rime-data-stroke	0.0~git20250923.3a4b0f4-1
rime-essay	0.0~git20260105.816b9ee-1
rime-prelude	0.0~git20251229.db691d2-1
rpcsvc-proto	1.4.3-1build1
rust-coreutils	0.8.0-0ubuntu3
rustc	1.93.1ubuntu1
rustc-1.93	1.93.1+dfsg-0ubuntu6
samba-libs:arm64	2:4.23.6+dfsg-1ubuntu2.2
sbsigntool	0.9.4-3.1ubuntu9
screen	4.9.1-3ubuntu2
secureboot-db	1.9build2
sed	4.9-2ubuntu1
sensible-utils	0.0.26build1
sgml-base	1.31+nmu1build1
sgml-data	2.0.11+nmu1build1
shared-mime-info	2.4-5build3
showtime	50.0-0ubuntu1
snapd	2.76.3+ubuntu26.04
sound-theme-freedesktop	0.8-7build1
spirv-tools	2026.1-1
squashfs-tools	1:4.7.5-1
ssh-import-id	5.11-0ubuntu4
sudo	1.9.17p2-1ubuntu3.1
sudo-common	1.2ubuntu
sudo-rs	0.2.13-0ubuntu1.2
systemd	259.5-0ubuntu3.4
systemd-resolved	259.5-0ubuntu3.4
systemd-sysv	259.5-0ubuntu3.4
sysvinit-utils	3.15-5ubuntu1
t1utils	1.41-4build4
tar	1.35+dfsg-4ubuntu0.4
timgm6mb-soundfont	1.3-5build1
tpm-udev	4.1.3-6
tzdata	2026c-0ubuntu0.26.04.1
ubuntu-cloud-minimal	1.570.3
ubuntu-drivers-common	1:0.10.9
ubuntu-keyring	2023.11.28.1build1
ubuntu-pro-client	37.2ubuntu0.1
ubuntu-release-upgrader-core	1:26.04.23
ucf	3.0052ubuntu1
udev	259.5-0ubuntu3.4
udisks2	2.10.91-1ubuntu2.1
unattended-upgrades	2.12ubuntu9
unixodbc-common	2.3.14-1
unminimize	0.5build1
unzip	6.0-29ubuntu1
upower	1.91.1-1
usb.ids	2025.12.13-1
usbutils	1:019-1
user-session-migration	0.5.1
util-linux	2.41.3-3ubuntu2.2
uuid-dev:arm64	2.41.3-3ubuntu2.2
vlc-data	3.0.23-1
vlc-plugin-base:arm64	3.0.23-1
vlc-plugin-video-output:arm64	3.0.23-1
wayland-protocols	1.47-1
wget	1.25.0-2ubuntu4.4
wireplumber	0.5.13-1ubuntu1
wl-clipboard	2.2.1-2build1
x11-common	1:7.7+26ubuntu1
x11-utils	7.7+7build1
x11-xkb-utils	7.7+9build1
x11-xserver-utils	7.7+11build1
x11proto-dev	2025.1-1
xdg-desktop-portal	1.21.1+ds-1ubuntu3
xdg-desktop-portal-gtk	1.15.3-2ubuntu1
xdg-desktop-portal-kde	6.6.6-0ubuntu0.1
xdg-utils	1.2.1-2ubuntu2
xfonts-encodings	1:1.0.5-0ubuntu3
xfonts-utils	1:7.7+7build1
xkb-data	2.46-2
xml-core	0.19build1
xorg-sgml-doctools	1:1.11-1.1build1
xserver-common	2:21.1.22-1ubuntu1
xtrans-dev	1.6.0-1build1
xwayland	2:24.1.10-1
xz-utils	5.8.3-1
zlib1g:arm64	1:1.3.dfsg+really1.3.1-1ubuntu3.1
zlib1g-dev:arm64	1:1.3.dfsg+really1.3.1-1ubuntu3.1
